{"train_losses": [0.9182160924233037, 0.9172046245299409, 0.91629102281607, 0.9154357158749785, 0.914616263224989, 0.9138196963957186, 0.913038367441726, 0.9122676692441984, 0.9115047652335716, 0.9107478700976805, 0.909995835367236], "val_losses": [0.8966945592317388, 0.8958352191364506, 0.895030813027618, 0.8942586938511783, 0.8935059771511403, 0.8927652671499454, 0.8920322929816467, 0.8913045833485163, 0.8905807130837577, 0.8898598691176516, 0.8891415974230426], "val_accs": [0.7428125, 0.74234375, 0.7428125, 0.74296875, 0.74328125, 0.7428125, 0.7428125, 0.7428125, 0.743125, 0.743125, 0.74296875]}