{"train_losses": [0.9182160924233037, 0.9182056669776393, 0.9181952540715561, 0.9181848536458864, 0.9181744656417635, 0.9181640900006179, 0.918153726664178, 0.9181433755744667, 0.9181330366738005, 0.9181227099047886, 0.9181123952103305], "val_losses": [0.8976392184032073, 0.8976293772719852, 0.8976195483239701, 0.8976097314998428, 0.8975999267405862, 0.8975901339874847, 0.8975803531821185, 0.8975705842663667, 0.8975608271824022, 0.8975510818726924, 0.8975413482799978], "val_accs": [0.7421875, 0.7421875, 0.7421875, 0.7421875, 0.7421875, 0.7421875, 0.74203125, 0.74203125, 0.74203125, 0.74203125, 0.74203125]}