{"train_losses": [0.9182160924233037, 0.918112120745042, 0.9180093764056605, 0.9179078022589886, 0.9178073440166068, 0.9177079500994424, 0.9176095714972833, 0.9175121616357882, 0.917415676250578, 0.9173200732680268, 0.917225312692388], "val_losses": [0.8975508185197125, 0.8974537631865552, 0.8973578481560573, 0.8972630186975089, 0.8971692228218969, 0.8970764111405104, 0.8969845367310393, 0.8968935550107662, 0.8968034236164559, 0.8967141022905947, 0.8966255527736234], "val_accs": [0.74203125, 0.741875, 0.74203125, 0.7421875, 0.7421875, 0.7421875, 0.7421875, 0.7421875, 0.7421875, 0.7425, 0.7428125]}