{"train_losses": [0.9699274410759522, 0.9691199067865192, 0.9683255402083691, 0.9675411873931972, 0.9667646551647168, 0.9659944012517272, 0.9652293297730243, 0.9644686543544724, 0.9637118053530601, 0.9629583662632365, 0.9622080296834025], "val_losses": [1.0780024262770913, 1.077256949679545, 1.0765095989332654, 1.075761097273225, 1.0750120811707404, 1.0742630868682723, 1.0735145540838862, 1.072766836902501, 1.072020216791344, 1.0712749153098127, 1.070531105470371], "val_accs": [0.6540625, 0.65484375, 0.655, 0.655625, 0.65609375, 0.656875, 0.6578125, 0.658125, 0.65859375, 0.65859375, 0.65984375]}