{"train_losses": [0.9699274410759522, 0.9698463469687943, 0.9697654021135527, 0.9696846025058973, 0.9696039442766462, 0.9695234236868722, 0.9694430371232015, 0.9693627810932921, 0.9692826522214882, 0.9692026472446408, 0.9691227630080855], "val_losses": [1.0786706448577792, 1.0785960121384484, 1.0785213702349963, 1.078446719116032, 1.0783720587821184, 1.0782973892636465, 1.0782227106188291, 1.0781480229317966, 1.078073326310794, 1.0779986208864782, 1.077923906810301], "val_accs": [0.65390625, 0.65390625, 0.6540625, 0.6540625, 0.65390625, 0.65390625, 0.65390625, 0.65390625, 0.6540625, 0.6540625, 0.6540625]}