{"train_losses": [0.9182160924233037, 0.9182150495959298, 0.91821400689422, 0.9182129643181145, 0.9182119218675538, 0.9182108795424793, 0.9182098373428308, 0.9182087952685495, 0.9182077533195765, 0.9182067114958521, 0.9182056697973175], "val_losses": [0.8976480861593407, 0.897647100664118, 0.8976461152915292, 0.8976451300415145, 0.897644144914014, 0.8976431599089681, 0.8976421750263169, 0.8976411902660009, 0.89764020562796, 0.8976392211121352, 0.8976382367184667], "val_accs": [0.7421875, 0.7421875, 0.7421875, 0.7421875, 0.7421875, 0.7421875, 0.7421875, 0.7421875, 0.7421875, 0.7421875, 0.7421875]}