{"train_losses": [2.296337749958038, 2.26936824798584, 2.225201666355133, 2.12282385468483, 1.912800760269165, 1.6477808248996735, 1.4096239590644837, 1.2253825783729553, 1.074285494685173, 0.9916795408725738], "val_losses": [2.28135347366333, 2.2514537481161265, 2.1857464130108175, 2.035063963669997, 1.762541963503911, 1.492922727878277, 1.2749904577548687, 1.1134621180020845, 0.9989166122216445, 0.9120277258066031], "val_accs": [0.16046875, 0.25828125, 0.47578125, 0.38046875, 0.56640625, 0.59078125, 0.62734375, 0.6846875, 0.7034375, 0.7325]}