{"train_losses": [0.937096357345581, 0.9351369738578796, 0.9336280226707458, 0.9323967695236206, 0.9313396215438843, 0.9303942322731018, 0.9295215010643005, 0.9286973476409912, 0.9279060363769531, 0.9271376132965088], "val_losses": [0.909675093797537, 0.9078598160010117, 0.906388324040633, 0.905142408150893, 0.9040481035525982, 0.9030581070826604, 0.9021413142864521, 0.9012770423522363, 0.9004511787341192, 0.8996539115905762], "val_accs": [0.7325, 0.73421875, 0.73421875, 0.73453125, 0.73484375, 0.73515625, 0.735625, 0.73515625, 0.735625, 0.735625], "grad_norms": [0.14496627290336703, 0.12631652755164258, 0.11337807919627417, 0.10447141921543306, 0.09836999586841776, 0.09419322779759502, 0.09132301211884149, 0.08933394963705155, 0.08793787359405258, 0.0869412178411545]}