{"steps_per_epoch": 100, "total_steps": 1, "sgd_train_losses": [2.296337749958038, 2.26936824798584, 2.225201666355133, 2.12282385468483, 1.912800760269165, 1.6477808248996735, 1.4096239590644837, 1.2253825783729553, 1.074285494685173, 0.9916795408725738], "gd_train_losses": [0.937096357345581, 0.9351369738578796, 0.9336280226707458, 0.9323967695236206, 0.9313396215438843, 0.9303942322731018, 0.9295215010643005, 0.9286973476409912, 0.9279060363769531, 0.9271376132965088], "current_sgd_step_losses": [0.8844505548477173], "current_sgd_epochified_losses": [0.8844505548477173], "combined_train_losses": [2.296337749958038, 2.26936824798584, 2.225201666355133, 2.12282385468483, 1.912800760269165, 1.6477808248996735, 1.4096239590644837, 1.2253825783729553, 1.074285494685173, 0.9916795408725738, 0.937096357345581, 0.9351369738578796, 0.9336280226707458, 0.9323967695236206, 0.9313396215438843, 0.9303942322731018, 0.9295215010643005, 0.9286973476409912, 0.9279060363769531, 0.9271376132965088, 0.8844505548477173]}