{"steps_per_epoch": 100, "total_steps": 10, "sgd_train_losses": [2.294009997844696, 2.2644658350944518, 2.207731156349182, 2.075607544183731, 1.8720200562477112, 1.6757962691783905, 1.4863655507564544, 1.2923025041818619, 1.1371053725481033, 1.0274661362171174], "gd_train_losses": [0.9831352233886719, 0.9804115295410156, 0.9784085750579834, 0.9768437147140503, 0.9755508303642273, 0.9744303226470947, 0.9734216928482056, 0.9724870920181274, 0.9716025590896606, 0.9707527160644531], "current_sgd_step_losses": [0.8424559235572815, 0.8276720643043518, 0.9994692802429199, 1.0449187755584717, 0.8873119354248047, 0.7888650894165039, 0.9210563898086548, 0.9473481178283691, 0.8649812340736389, 0.9232555627822876], "current_sgd_epochified_losses": [0.9047334372997284], "combined_train_losses": [2.294009997844696, 2.2644658350944518, 2.207731156349182, 2.075607544183731, 1.8720200562477112, 1.6757962691783905, 1.4863655507564544, 1.2923025041818619, 1.1371053725481033, 1.0274661362171174, 0.9831352233886719, 0.9804115295410156, 0.9784085750579834, 0.9768437147140503, 0.9755508303642273, 0.9744303226470947, 0.9734216928482056, 0.9724870920181274, 0.9716025590896606, 0.9707527160644531, 0.9047334372997284]}