{
  "alpha_0.1_diverged_count": 0,
  "alpha_0.1_final_displacement_norm_mean": 9.414858341217041,
  "alpha_0.1_final_displacement_norm_std": 0.025511318816250114,
  "alpha_0.1_final_parameter_variance_trace": 0.3184261749519762,
  "alpha_0.1_final_test_accuracy_mean": 0.857,
  "alpha_0.1_final_test_loss_mean": 0.48264987021684647,
  "alpha_0.1_final_test_loss_std": 0.01405375073212421,
  "alpha_0.1_final_train_loss_mean": 0.13617675751447678,
  "alpha_0.1_normalized_displacement": 0.9394093389836347,
  "alpha_0.1_normalized_variance": 0.7104150113876739,
  "alpha_0.5_diverged_count": 0,
  "alpha_0.5_final_displacement_norm_mean": 9.653389930725098,
  "alpha_0.5_final_displacement_norm_std": 0.04665824717550013,
  "alpha_0.5_final_parameter_variance_trace": 0.37961544981237155,
  "alpha_0.5_final_test_accuracy_mean": 0.8514999999999999,
  "alpha_0.5_final_test_loss_mean": 0.517724372446537,
  "alpha_0.5_final_test_loss_std": 0.059336767314138124,
  "alpha_0.5_final_train_loss_mean": 0.14564939588308334,
  "alpha_0.5_normalized_displacement": 0.9632098885729462,
  "alpha_0.5_normalized_variance": 0.8469294778988118,
  "alpha_0_diverged_count": 0,
  "alpha_0_final_displacement_norm_mean": 9.454964637756348,
  "alpha_0_final_displacement_norm_std": 0.0,
  "alpha_0_final_parameter_variance_trace": 0.0,
  "alpha_0_final_test_accuracy_mean": 0.857,
  "alpha_0_final_test_loss_mean": 0.510074257850647,
  "alpha_0_final_test_loss_std": 0.0,
  "alpha_0_final_train_loss_mean": 0.11412089318037033,
  "alpha_0_normalized_displacement": 0.943411122988831,
  "alpha_0_normalized_variance": 0.0,
  "alpha_1_diverged_count": 0,
  "alpha_1_final_displacement_norm_mean": 10.022104263305664,
  "alpha_1_final_displacement_norm_std": 0.00897829025718469,
  "alpha_1_final_parameter_variance_trace": 0.44822557216236925,
  "alpha_1_final_test_accuracy_mean": 0.8445,
  "alpha_1_final_test_loss_mean": 0.5237313285470009,
  "alpha_1_final_test_loss_std": 0.04804756535310111,
  "alpha_1_final_train_loss_mean": 0.1690172627568245,
  "alpha_1_normalized_displacement": 1.0,
  "alpha_1_normalized_variance": 1.0,
  "best_accuracy_delta_vs_alpha_1": 0.012499999999999956,
  "best_test_accuracy": 0.857,
  "best_test_accuracy_alpha": 0.0,
  "best_test_alpha": 0.1,
  "best_test_delta_vs_alpha_1": -0.04108145833015442,
  "best_test_loss": 0.48264987021684647,
  "best_train_alpha": 0.0,
  "best_train_delta_vs_alpha_1": -0.05489636957645416,
  "best_train_loss": 0.11412089318037033,
  "lr": 0.08,
  "n_alphas": 4,
  "n_sweep_seeds": 2,
  "normalized_noise": false,
  "pass": true,
  "reference_test_accuracy": 0.442,
  "reference_test_loss": 1.4927949905395508,
  "reference_train_accuracy": 0.525390625,
  "reference_train_loss": 1.346571683883667,
  "steps": 2048,
  "sweep_seeds": [
    52,
    152
  ]
}