{
  "stage_name": "stage2_gd",
  "stage_idx": 1,
  "steps": [
    1,
    2,
    3,
    4,
    5,
    6,
    7,
    8,
    9,
    10
  ],
  "losses": [
    3.0493364334106445,
    3.0490243434906006,
    3.0487124919891357,
    3.04840087890625,
    3.048088788986206,
    3.0477776527404785,
    3.0474660396575928,
    3.047154426574707,
    3.0468428134918213,
    3.0465316772460938
  ],
  "accuracies": [
    0.2362489402294159,
    0.23623575270175934,
    0.23626214265823364,
    0.23626214265823364,
    0.23623575270175934,
    0.23623575270175934,
    0.2362489402294159,
    0.23620934784412384,
    0.23619616031646729,
    0.23616977035999298
  ],
  "grad_norms": [
    0.5585231781005859,
    0.5584616661071777,
    0.5583974719047546,
    0.5583387017250061,
    0.5582675337791443,
    0.5581983923912048,
    0.5581253170967102,
    0.5580549240112305,
    0.5579816699028015,
    0.5579079389572144
  ],
  "val_steps": [
    6,
    7,
    8,
    9,
    10
  ],
  "val_losses": [
    3.041208028793335,
    3.041208028793335,
    3.041208028793335,
    3.041208028793335,
    3.041208028793335
  ],
  "val_accuracies": [
    0.24203636745611826,
    0.24203636745611826,
    0.24203636745611826,
    0.24203636745611826,
    0.24203636745611826
  ],
  "train_eval_losses": [
    3.0477776527404785,
    3.0477776527404785,
    3.0477776527404785,
    3.0477776527404785,
    3.0477776527404785
  ],
  "train_eval_accs": [
    0.23623575270175934,
    0.23623575270175934,
    0.23623575270175934,
    0.23623575270175934,
    0.23623575270175934
  ]
}