{
  "stage_name": "stage1_sgd",
  "stage_idx": 0,
  "steps": [
    1,
    2,
    3,
    4,
    5,
    6,
    7,
    8,
    9,
    10,
    11,
    12,
    13,
    14,
    15,
    16,
    17,
    18,
    19,
    20,
    21,
    22,
    23,
    24,
    25,
    26,
    27,
    28,
    29,
    30,
    31,
    32,
    33,
    34,
    35,
    36,
    37,
    38,
    39,
    40,
    41,
    42,
    43,
    44,
    45,
    46,
    47,
    48,
    49,
    50,
    51,
    52,
    53,
    54,
    55,
    56,
    57,
    58,
    59,
    60,
    61,
    62,
    63,
    64,
    65,
    66,
    67,
    68,
    69,
    70,
    71,
    72,
    73,
    74,
    75,
    76,
    77,
    78,
    79,
    80,
    81,
    82,
    83,
    84,
    85,
    86,
    87,
    88,
    89,
    90,
    91,
    92,
    93,
    94,
    95,
    96,
    97,
    98,
    99,
    100
  ],
  "losses": [
    3.2208118438720703,
    3.223336696624756,
    3.224463701248169,
    3.225637197494507,
    3.2245521545410156,
    3.2237706184387207,
    3.2188162803649902,
    3.2185606956481934,
    3.2171809673309326,
    3.2198948860168457,
    3.219684600830078,
    3.2151405811309814,
    3.2207837104797363,
    3.214972972869873,
    3.21411395072937,
    3.211439609527588,
    3.2158541679382324,
    3.2127792835235596,
    3.2162022590637207,
    3.218352794647217,
    3.212815046310425,
    3.210488796234131,
    3.2144670486450195,
    3.212592840194702,
    3.208698272705078,
    3.2099387645721436,
    3.202709913253784,
    3.210411548614502,
    3.2080302238464355,
    3.204878091812134,
    3.2039272785186768,
    3.2053425312042236,
    3.2002525329589844,
    3.19844388961792,
    3.202439785003662,
    3.198875904083252,
    3.197089433670044,
    3.1953344345092773,
    3.2027480602264404,
    3.19791316986084,
    3.1958799362182617,
    3.191938877105713,
    3.191368818283081,
    3.192282199859619,
    3.191950798034668,
    3.1869118213653564,
    3.188789129257202,
    3.188401699066162,
    3.190347909927368,
    3.1822245121002197,
    3.1784117221832275,
    3.1838977336883545,
    3.180037021636963,
    3.1744062900543213,
    3.1757314205169678,
    3.1727352142333984,
    3.177640199661255,
    3.1768856048583984,
    3.1652748584747314,
    3.1659951210021973,
    3.1648685932159424,
    3.1647439002990723,
    3.1580004692077637,
    3.1534411907196045,
    3.150808095932007,
    3.1543595790863037,
    3.153028726577759,
    3.1523234844207764,
    3.14485239982605,
    3.144305944442749,
    3.132722854614258,
    3.1330666542053223,
    3.1360244750976562,
    3.13128662109375,
    3.136021137237549,
    3.124898672103882,
    3.11739444732666,
    3.120656728744507,
    3.1199586391448975,
    3.109640598297119,
    3.105598211288452,
    3.1055779457092285,
    3.1028921604156494,
    3.111538887023926,
    3.098266363143921,
    3.0975139141082764,
    3.099510669708252,
    3.0887551307678223,
    3.0816726684570312,
    3.095778703689575,
    3.0855886936187744,
    3.070521354675293,
    3.0770926475524902,
    3.0664865970611572,
    3.0615265369415283,
    3.0604538917541504,
    3.0705952644348145,
    3.065145492553711,
    3.042896032333374,
    3.050229549407959
  ],
  "accuracies": [
    0.033203125,
    0.0390625,
    0.04296875,
    0.0234375,
    0.033203125,
    0.029296875,
    0.041015625,
    0.0390625,
    0.03515625,
    0.041015625,
    0.017578125,
    0.041015625,
    0.0234375,
    0.0390625,
    0.048828125,
    0.033203125,
    0.02734375,
    0.05078125,
    0.04296875,
    0.046875,
    0.041015625,
    0.04296875,
    0.04296875,
    0.060546875,
    0.068359375,
    0.06640625,
    0.09765625,
    0.05859375,
    0.0703125,
    0.07421875,
    0.107421875,
    0.099609375,
    0.123046875,
    0.09765625,
    0.09765625,
    0.125,
    0.12109375,
    0.140625,
    0.09765625,
    0.12109375,
    0.126953125,
    0.134765625,
    0.140625,
    0.150390625,
    0.15625,
    0.16796875,
    0.169921875,
    0.1640625,
    0.14453125,
    0.193359375,
    0.18359375,
    0.17578125,
    0.189453125,
    0.19140625,
    0.193359375,
    0.203125,
    0.197265625,
    0.1953125,
    0.201171875,
    0.19921875,
    0.208984375,
    0.205078125,
    0.2265625,
    0.23046875,
    0.228515625,
    0.212890625,
    0.205078125,
    0.208984375,
    0.224609375,
    0.212890625,
    0.25390625,
    0.244140625,
    0.23046875,
    0.2421875,
    0.19921875,
    0.236328125,
    0.234375,
    0.23046875,
    0.240234375,
    0.24609375,
    0.240234375,
    0.234375,
    0.236328125,
    0.2109375,
    0.24609375,
    0.234375,
    0.232421875,
    0.22265625,
    0.25,
    0.21484375,
    0.2265625,
    0.244140625,
    0.2421875,
    0.2421875,
    0.236328125,
    0.23046875,
    0.21484375,
    0.236328125,
    0.251953125,
    0.240234375
  ],
  "grad_norms": [
    0.30376550555229187,
    0.2851175367832184,
    0.3109481930732727,
    0.31276512145996094,
    0.32361534237861633,
    0.27861928939819336,
    0.33907222747802734,
    0.29038169980049133,
    0.31394943594932556,
    0.26728764176368713,
    0.2878826856613159,
    0.3323131799697876,
    0.25884419679641724,
    0.31682267785072327,
    0.29625368118286133,
    0.3104783594608307,
    0.3118392825126648,
    0.2963309586048126,
    0.3266213834285736,
    0.28327178955078125,
    0.31307312846183777,
    0.34369325637817383,
    0.3089182376861572,
    0.28247758746147156,
    0.31669294834136963,
    0.307142049074173,
    0.3452976644039154,
    0.34281954169273376,
    0.3439094126224518,
    0.33787402510643005,
    0.34587183594703674,
    0.3433745205402374,
    0.3807278871536255,
    0.38069406151771545,
    0.36466577649116516,
    0.3631054162979126,
    0.38882458209991455,
    0.39658451080322266,
    0.3309065103530884,
    0.3996679484844208,
    0.37552544474601746,
    0.39740124344825745,
    0.4360922873020172,
    0.4074048399925232,
    0.41417890787124634,
    0.432643324136734,
    0.4509161710739136,
    0.4083144962787628,
    0.4167580306529999,
    0.4696543216705322,
    0.42919981479644775,
    0.44481614232063293,
    0.44751179218292236,
    0.47786134481430054,
    0.465025931596756,
    0.4491264224052429,
    0.4701545834541321,
    0.48089343309402466,
    0.48811638355255127,
    0.46583765745162964,
    0.474384605884552,
    0.5102984309196472,
    0.5262508392333984,
    0.5594740509986877,
    0.5472195744514465,
    0.520065426826477,
    0.5100670456886292,
    0.5484170317649841,
    0.574862539768219,
    0.5352246761322021,
    0.5735588669776917,
    0.5925807356834412,
    0.5821563005447388,
    0.5758307576179504,
    0.5285223126411438,
    0.6172871589660645,
    0.5784381628036499,
    0.543626070022583,
    0.6012179851531982,
    0.6140341758728027,
    0.5904662013053894,
    0.561245322227478,
    0.5789150595664978,
    0.5511305928230286,
    0.5892717838287354,
    0.6111913919448853,
    0.5690317749977112,
    0.5781857371330261,
    0.6261166930198669,
    0.5562759637832642,
    0.5877661108970642,
    0.6080255508422852,
    0.6105756759643555,
    0.6002345085144043,
    0.6033943891525269,
    0.6116200089454651,
    0.5568509697914124,
    0.5756561160087585,
    0.6322031021118164,
    0.6002588868141174
  ],
  "val_steps": [
    21,
    22,
    23,
    24,
    25,
    26,
    27,
    28,
    29,
    30,
    31,
    32,
    33,
    34,
    35,
    36,
    37,
    38,
    39,
    40,
    41,
    42,
    43,
    44,
    45,
    46,
    47,
    48,
    49,
    50,
    51,
    52,
    53,
    54,
    55,
    56,
    57,
    58,
    59,
    60,
    61,
    62,
    63,
    64,
    65,
    66,
    67,
    68,
    69,
    70,
    71,
    72,
    73,
    74,
    75,
    76,
    77,
    78,
    79,
    80,
    81,
    82,
    83,
    84,
    85,
    86,
    87,
    88,
    89,
    90,
    91,
    92,
    93,
    94,
    95,
    96,
    97,
    98,
    99,
    100
  ],