{"train_losses": [0.8382889032363892, 0.8374075889587402, 0.8366421461105347, 0.835940957069397, 0.8352769613265991, 0.8346352577209473, 0.8340080976486206, 0.8333904147148132, 0.8327797651290894, 0.8321743011474609, 0.831572949886322], "val_losses": [0.8201851904392242, 0.8195538312196732, 0.818961226940155, 0.8183876216411591, 0.817823326587677, 0.8172637820243835, 0.8167068630456924, 0.8161516159772872, 0.8155976742506027, 0.8150449395179749, 0.814493465423584], "val_accs": [0.7673, 0.7667, 0.7667, 0.7663, 0.7661, 0.7664, 0.7664, 0.7663, 0.7664, 0.7667, 0.7669]}