{"train_losses": [0.9187752994439471, 0.9177335642009747, 0.9168084702138403, 0.9159549700104996, 0.915146603023111, 0.9143675600911112, 0.9136082238101386, 0.9128626315496473, 0.9121270132269842, 0.9113989366801556, 0.9106768007210652], "val_losses": [0.9058726660196434, 0.9051172058010811, 0.9044031506929909, 0.9037101395659389, 0.9030271610608629, 0.90234838878061, 0.9016708670093437, 0.9009932184163324, 0.9003149202562363, 0.8996358989170676, 0.8989563037420533], "val_accs": [0.73390625, 0.735, 0.735, 0.735625, 0.735625, 0.73578125, 0.73625, 0.7365625, 0.73640625, 0.73671875, 0.73703125]}