{"train_losses": [0.9187752994439471, 0.9186678051237585, 0.9185617542039273, 0.9184570831254328, 0.9183537313297236, 0.9182516411113919, 0.9181507574783005, 0.9180510280187809, 0.9179524027755286, 0.9178548341258577, 0.9177582766679804], "val_losses": [0.9066201033824506, 0.9065344826640076, 0.9064498653464137, 0.9063661987691471, 0.9062834329445988, 0.9062015204227711, 0.9061204161629158, 0.9060400774117414, 0.9059604635878571, 0.9058815361721203, 0.9058032586035856], "val_accs": [0.73421875, 0.7340625, 0.73421875, 0.734375, 0.7346875, 0.73484375, 0.735, 0.734375, 0.734375, 0.7340625, 0.73421875]}