{"train_losses": [0.9187752994439471, 0.918764516798717, 0.9187537488822217, 0.9187429956287988, 0.9187322569730978, 0.9187215328500825, 0.9187108231950265, 0.9187001279435125, 0.9186894470314317, 0.918678780394981, 0.9186681279706619], "val_losses": [0.9066980823361755, 0.9066893925731774, 0.90668071363125, 0.9066720454531396, 0.906663387981886, 0.9066547411608213, 0.9066461049335687, 0.9066374792440405, 0.9066288640364362, 0.9066202592552426, 0.9066116648452306], "val_accs": [0.7340625, 0.7340625, 0.7340625, 0.73421875, 0.73421875, 0.73421875, 0.73421875, 0.73421875, 0.73421875, 0.73421875, 0.73421875]}