{"train_losses": [0.8382889032363892, 0.8381971716880798, 0.8381072282791138, 0.8380185961723328, 0.8379313945770264, 0.8378452062606812, 0.837760329246521, 0.8376767039299011, 0.8375940918922424, 0.8375124931335449, 0.8374320268630981], "val_losses": [0.8208216309547425, 0.8207482397556305, 0.8206759393215179, 0.8206046372652054, 0.8205342561006546, 0.8204647541046143, 0.8203960865736007, 0.8203282058238983, 0.8202610582113266, 0.8201946228742599, 0.8201288044452667], "val_accs": [0.7665, 0.7669, 0.7671, 0.7672, 0.7672, 0.7673, 0.7674, 0.7672, 0.7674, 0.7673, 0.7673]}