{"train_losses": [0.9187752994439471, 0.9187742208472869, 0.9187731423982105, 0.9187720640966519, 0.9187709859425456, 0.9187699079358254, 0.9187688300764262, 0.9187677523642815, 0.918766674799326, 0.9187655973814937, 0.9187645201107192], "val_losses": [0.9067059125868079, 0.9067050423048999, 0.906704172132012, 0.9067033020680866, 0.9067024321130658, 0.9067015622668918, 0.9067006925295071, 0.9066998229008543, 0.9066989533808754, 0.9066980839695131, 0.9066972146667098], "val_accs": [0.7340625, 0.7340625, 0.7340625, 0.7340625, 0.7340625, 0.7340625, 0.7340625, 0.7340625, 0.7340625, 0.7340625, 0.7340625]}