{"train_losses": [0.8538286089897156, 0.8498004078865051, 0.8472789525985718, 0.8455706834793091, 0.8443176746368408, 0.8433269262313843, 0.842491090297699, 0.8417487144470215, 0.841063916683197, 0.8404154777526855], "val_losses": [0.8297208219766616, 0.8275025427341461, 0.8260245472192764, 0.824947002530098, 0.8240906119346618, 0.8233584016561508, 0.8226968318223953, 0.8220759391784668, 0.8214789032936096, 0.8208961009979248], "val_accs": [0.7587, 0.7605, 0.7623, 0.7644, 0.7657, 0.7659, 0.7669, 0.7668, 0.7668, 0.7665]}