{"train_losses": [2.294009997844696, 2.2644658350944518, 2.207731156349182, 2.075607544183731, 1.8720200562477112, 1.6757962691783905, 1.4863655507564544, 1.2923025041818619, 1.1371053725481033, 1.0274661362171174], "val_losses": [2.285955853462219, 2.254601516723633, 2.180773057937622, 2.0262799406051637, 1.8407467269897462, 1.6695521724224092, 1.4863653266429901, 1.3079833805561065, 1.1846829390525817, 1.0875130951404572], "val_accs": [0.20234375, 0.24421875, 0.27390625, 0.30296875, 0.38375, 0.488125, 0.53125, 0.60171875, 0.61796875, 0.655625]}