{"steps_per_epoch": 100, "total_steps": 10, "sgd_train_losses": [2.3020033264160156, 2.2601759219169617, 2.184831824302673, 2.031180746555328, 1.7973882508277894, 1.516485916376114, 1.268211452960968, 1.0914805626869202, 0.9696404170989991, 0.8871084380149842], "gd_train_losses": [0.8538286089897156, 0.8498004078865051, 0.8472789525985718, 0.8455706834793091, 0.8443176746368408, 0.8433269262313843, 0.842491090297699, 0.8417487144470215, 0.841063916683197, 0.8404154777526855], "current_sgd_step_losses": [0.9415194988250732, 0.828998327255249, 0.9547569751739502, 0.7442581057548523, 0.6932128667831421, 0.992363452911377, 0.8336927890777588, 0.9087913036346436, 0.8498913645744324, 0.737542986869812], "current_sgd_epochified_losses": [0.848502767086029], "combined_train_losses": [2.3020033264160156, 2.2601759219169617, 2.184831824302673, 2.031180746555328, 1.7973882508277894, 1.516485916376114, 1.268211452960968, 1.0914805626869202, 0.9696404170989991, 0.8871084380149842, 0.8538286089897156, 0.8498004078865051, 0.8472789525985718, 0.8455706834793091, 0.8443176746368408, 0.8433269262313843, 0.842491090297699, 0.8417487144470215, 0.841063916683197, 0.8404154777526855, 0.848502767086029]}