{"train_losses": [0.8127462267875671, 0.8126439452171326, 0.8125433921813965, 0.8124447464942932, 0.8123477101325989, 0.8122521042823792, 0.8121580481529236, 0.8120654225349426, 0.8119741678237915, 0.8118841648101807, 0.8117953538894653], "val_losses": [0.8208189755678177, 0.8207430928945542, 0.8206683814525604, 0.8205948054790497, 0.8205222517251969, 0.8204506665468216, 0.820380038022995, 0.8203102707862854, 0.8202412813901901, 0.8201731115579605, 0.8201056659221649], "val_accs": [0.7665, 0.7668, 0.7667, 0.7668, 0.7668, 0.7668, 0.7669, 0.7666, 0.7666, 0.7668, 0.7664]}