{"train_losses": [0.9831352233886719, 0.9804115295410156, 0.9784085750579834, 0.9768437147140503, 0.9755508303642273, 0.9744303226470947, 0.9734216928482056, 0.9724870920181274, 0.9716025590896606, 0.9707527160644531], "val_losses": [1.0860000848770142, 1.08488929271698, 1.0839838981628418, 1.0831801891326904, 1.082423210144043, 1.0816855430603027, 1.0809534788131714, 1.0802206993103027, 1.0794847011566162, 1.0787453651428223], "val_accs": [0.65703125, 0.6559375, 0.65484375, 0.655, 0.655, 0.6546875, 0.6546875, 0.65421875, 0.65390625, 0.65421875], "grad_norms": [0.17182194224209554, 0.14631382266380874, 0.12843801351336845, 0.11602455021695074, 0.10745369266344472, 0.10154260764035102, 0.09745048606205611, 0.09459406229460016, 0.09257629284477638, 0.0911293912193627]}