{"steps_per_epoch": 100, "total_steps": 1, "sgd_train_losses": [2.2969690942764283, 2.26997100353241, 2.2265944147109984, 2.126844751834869, 1.9224371004104615, 1.6533241248130799, 1.4124904584884643, 1.2226260137557983, 1.082561970949173, 0.9819668358564377], "gd_train_losses": [0.9419810771942139, 0.9389287829399109, 0.9367383718490601, 0.935081958770752, 0.9337600469589233, 0.932650089263916, 0.9316755533218384, 0.9307892322540283, 0.9299605488777161, 0.929170548915863], "current_sgd_step_losses": [0.8340900540351868], "current_sgd_epochified_losses": [0.8340900540351868], "combined_train_losses": [2.2969690942764283, 2.26997100353241, 2.2265944147109984, 2.126844751834869, 1.9224371004104615, 1.6533241248130799, 1.4124904584884643, 1.2226260137557983, 1.082561970949173, 0.9819668358564377, 0.9419810771942139, 0.9389287829399109, 0.9367383718490601, 0.935081958770752, 0.9337600469589233, 0.932650089263916, 0.9316755533218384, 0.9307892322540283, 0.9299605488777161, 0.929170548915863, 0.8340900540351868]}