{"train_losses": [0.8127462267875671, 0.8117653727531433, 0.8109267354011536, 0.8101698160171509, 0.8094618916511536, 0.8087842464447021, 0.8081264495849609, 0.8074820637702942, 0.8068471550941467, 0.8062192797660828, 0.8055967688560486], "val_losses": [0.820166090130806, 0.819523274898529, 0.8189221531152725, 0.8183403640985489, 0.8177669107913971, 0.8171966463327408, 0.8166270971298217, 0.8160573959350585, 0.8154872864484787, 0.814916855096817, 0.8143462359905242], "val_accs": [0.7665, 0.7661, 0.766, 0.7656, 0.7659, 0.7657, 0.7659, 0.7659, 0.7661, 0.766, 0.7663]}