{"train_losses": [2.3020033264160156, 2.2601759219169617, 2.184831824302673, 2.031180746555328, 1.7973882508277894, 1.516485916376114, 1.268211452960968, 1.0914805626869202, 0.9696404170989991, 0.8871084380149842], "val_losses": [2.280461728952493, 2.231503802499953, 2.1185313045598897, 1.9175638370453172, 1.6416881228708158, 1.3523231236038693, 1.1363745164719357, 0.990448714821202, 0.89935557420846, 0.8294559631757675], "val_accs": [0.296, 0.2894, 0.328, 0.4003, 0.5411, 0.6518, 0.7039, 0.7282, 0.744, 0.754]}