{"steps_per_epoch": 100, "total_steps": 10, "sgd_train_losses": [2.294009997844696, 2.2644658350944518, 2.207731156349182, 2.075607544183731, 1.8720200562477112, 1.6757962691783905, 1.4863655507564544, 1.2923025041818619, 1.1371053725481033, 1.0274661362171174], "gd_train_losses": [0.9831352233886719, 0.9804115295410156, 0.9784085750579834, 0.9768437147140503, 0.9755508303642273, 0.9744303226470947, 0.9734216928482056, 0.9724870920181274, 0.9716025590896606, 0.9707527160644531], "current_sgd_step_losses": [0.8424559235572815, 0.830028235912323, 1.007481336593628, 1.0617756843566895, 0.8819619417190552, 0.7899141311645508, 0.9106341004371643, 0.9431359171867371, 0.8614320158958435, 0.926854133605957], "current_sgd_epochified_losses": [0.905567342042923], "combined_train_losses": [2.294009997844696, 2.2644658350944518, 2.207731156349182, 2.075607544183731, 1.8720200562477112, 1.6757962691783905, 1.4863655507564544, 1.2923025041818619, 1.1371053725481033, 1.0274661362171174, 0.9831352233886719, 0.9804115295410156, 0.9784085750579834, 0.9768437147140503, 0.9755508303642273, 0.9744303226470947, 0.9734216928482056, 0.9724870920181274, 0.9716025590896606, 0.9707527160644531, 0.905567342042923]}