{"train_losses": [0.9419810771942139, 0.9389287829399109, 0.9367383718490601, 0.935081958770752, 0.9337600469589233, 0.932650089263916, 0.9316755533218384, 0.9307892322540283, 0.9299605488777161, 0.929170548915863], "val_losses": [0.9104808981602008, 0.9083941808113685, 0.9068511265974778, 0.9056427341241103, 0.904641119333414, 0.9037672923161433, 0.9029722993190472, 0.9022257511432354, 0.9015087393613962, 0.9008095539533175], "val_accs": [0.72796875, 0.7275, 0.72859375, 0.73078125, 0.73140625, 0.7309375, 0.73203125, 0.73265625, 0.733125, 0.733125], "grad_norms": [0.18228530314254304, 0.15353686389637017, 0.13268081153090838, 0.11778963765502716, 0.10732370218245789, 0.10006561126847002, 0.09507804783585731, 0.09166406840853074, 0.08932342433258941, 0.08770708777468741]}