{"steps_per_epoch": 100, "total_steps": 10, "sgd_train_losses": [2.3020033264160156, 2.2601759219169617, 2.184831824302673, 2.031180746555328, 1.7973882508277894, 1.516485916376114, 1.268211452960968, 1.0914805626869202, 0.9696404170989991, 0.8871084380149842], "gd_train_losses": [0.8538286089897156, 0.8498004078865051, 0.8472789525985718, 0.8455706834793091, 0.8443176746368408, 0.8433269262313843, 0.842491090297699, 0.8417487144470215, 0.841063916683197, 0.8404154777526855], "current_sgd_step_losses": [0.940967857837677, 0.6742035150527954, 0.8060345649719238, 0.8849142789840698, 0.9024533629417419, 0.9432077407836914, 0.7332161664962769, 0.7976091504096985, 0.7778152823448181, 0.8780491948127747], "current_sgd_epochified_losses": [0.8338471114635467], "combined_train_losses": [2.3020033264160156, 2.2601759219169617, 2.184831824302673, 2.031180746555328, 1.7973882508277894, 1.516485916376114, 1.268211452960968, 1.0914805626869202, 0.9696404170989991, 0.8871084380149842, 0.8538286089897156, 0.8498004078865051, 0.8472789525985718, 0.8455706834793091, 0.8443176746368408, 0.8433269262313843, 0.842491090297699, 0.8417487144470215, 0.841063916683197, 0.8404154777526855, 0.8338471114635467]}