{"train_losses": [2.2969690942764283, 2.26997100353241, 2.2265944147109984, 2.126844751834869, 1.9224371004104615, 1.6533241248130799, 1.4124904584884643, 1.2226260137557983, 1.082561970949173, 0.9819668358564377], "val_losses": [2.281518422640287, 2.2504483186281643, 2.184410498692439, 2.033190837273231, 1.7704169750213623, 1.4990079219524677, 1.2760580227925227, 1.1147243701494658, 1.0008449462743907, 0.9134543904891381], "val_accs": [0.12671875, 0.30125, 0.44578125, 0.40921875, 0.5359375, 0.5996875, 0.6478125, 0.6759375, 0.7028125, 0.72484375]}