{
  "modified_langevin_final_mean_path_error_to_sgd": 0.08180334315451229,
  "modified_langevin_late_variance_slope": -0.13512485501995386,
  "pass": true,
  "sgd_late_variance_slope": -0.018294615928616576,
  "standard_langevin_final_mean_path_error_to_sgd": 0.03130168732749242,
  "standard_langevin_late_variance_slope": 0.000713476521930245,
  "wasserstein_modified_to_sgd": 0.08180827931054228,
  "wasserstein_standard_to_sgd": 1.2015244869869757
}