seed,gamma_estimate,gradient_batches
44,0.029583627358078957,4
144,0.019241569563746452,4
244,0.02097763866186142,4
