{
  "all_directions_log_correlation": 0.16141647773440385,
  "all_directions_relative_error": 16.62152002767743,
  "gamma_cv": 0.23802519983799628,
  "gamma_estimate": 0.013125351630151272,
  "gamma_estimate_ci95_high": 0.029534763355912427,
  "gamma_estimate_ci95_low": 0.01700046036654546,
  "gamma_estimate_cv": 0.23802519983799628,
  "gamma_estimate_mean": 0.023267611861228943,
  "gamma_estimate_std": 0.0055382779630219515,
  "gamma_max": 0.029583627358078957,
  "gamma_mean": 0.023267611861228943,
  "gamma_min": 0.019241569563746452,
  "gamma_seed_count": 3,
  "gamma_std": 0.0055382779630219515,
  "heldout_log_correlation": -0.034815328873523704,
  "heldout_relative_error_after_train_scalar": 2.6330947875976562,
  "heldout_scalar_from_half_top_dirs": 0.35254281662577247,
  "hessian_diag_fluctuation_mean_abs_correlation": 0.6535295435095911,
  "hessian_diag_fluctuation_p95_abs_correlation": 0.9978587190788667,
  "hessian_diag_fraction_mean": 0.6551622748374939,
  "hessian_diag_fraction_p05": 0.552708625793457,
  "hessian_noise_batches": 3.0,
  "hessian_offdiag_diag_ratio_mean": 0.7312533259391785,
  "hessian_offdiag_diag_ratio_p95": 0.9014179408550262,
  "hessian_offdiag_fraction_mean": 0.3448376953601837,
  "hessian_offdiag_fraction_p95": 0.44729132056236265,
  "log_correlation": 0.8468319565101001,
  "log_mse": 3.8857224451711754,
  "pass": false,
  "random_directions_log_correlation": -0.38190738189928486,
  "random_directions_relative_error": 3949.8742773305885,
  "relative_error": 4.317023068473232,
  "top_best_scalar": 0.12563655160408088,
  "top_permutation_pvalue_log_correlation": 0.11940298507462686,
  "top_relative_error_best_scalar": 0.7925819225247795
}