direction_set,n,relative_error,log_correlation,log_mse,best_scalar,relative_error_best_scalar,permutation_pvalue_log_correlation
top_abs_eigenvalue,6.0,4.317023068473232,0.8468319565101001,3.8857224451711754,0.12563655160408088,0.7925819225247795,0.11940298507462686
all_directions,386.0,16.62152002767743,0.16141647773440385,55.740778032061726,0.0089596837721364,0.9886854108935111,0.004975124378109453
random_directions,6.0,3949.8742773305885,-0.38190738189928486,79.77200582175566,5.1396270024817766e-05,0.9791747499733242,0.7611940298507462
hessian_noise_structure,3.0,0.7312533259391785,0.6535295435095911,nan,0.3448376953601837,0.44729132056236265,nan
top_abs_train_scalar_heldout,3.0,2.6330947875976562,-0.034815328873523704,nan,0.35254281662577247,2.6330947875976562,nan
