{
  "stage_name": "stage1_sgd",
  "stage_idx": 0,
  "steps": [
    1,
    2,
    3,
    4,
    5,
    6,
    7,
    8,
    9,
    10,
    11,
    12,
    13,
    14,
    15,
    16,
    17,
    18,
    19,
    20,
    21,
    22,
    23,
    24,
    25,
    26,
    27,
    28,
    29,
    30,
    31,
    32,
    33,
    34,
    35,
    36,
    37,
    38,
    39,
    40,
    41,
    42,
    43,
    44,
    45,
    46,
    47,
    48,
    49,
    50,
    51,
    52,
    53,
    54,
    55,
    56,
    57,
    58,
    59,
    60,
    61,
    62,
    63,
    64,
    65,
    66,
    67,
    68,
    69,
    70,
    71,
    72,
    73,
    74,
    75,
    76,
    77,
    78,
    79,
    80,
    81,
    82,
    83,
    84,
    85,
    86,
    87,
    88,
    89,
    90,
    91,
    92,
    93,
    94,
    95,
    96,
    97,
    98,
    99,
    100
  ],
  "losses": [
    2.282679796218872,
    2.3134148120880127,
    2.3041415214538574,
    2.3270723819732666,
    2.32730770111084,
    2.3150696754455566,
    2.2537503242492676,
    2.3048996925354004,
    2.328794240951538,
    2.2868587970733643,
    2.218430519104004,
    2.2916500568389893,
    2.266993999481201,
    2.26503586769104,
    2.2806661128997803,
    2.286322832107544,
    2.2390336990356445,
    2.318488597869873,
    2.2220795154571533,
    2.28084659576416,
    2.2575926780700684,
    2.273904800415039,
    2.2194747924804688,
    2.247933864593506,
    2.2282073497772217,
    2.248737096786499,
    2.2531185150146484,
    2.2867989540100098,
    2.30088210105896,
    2.210361957550049,
    2.1843981742858887,
    2.1786341667175293,
    2.2232744693756104,
    2.2362329959869385,
    2.158982276916504,
    2.1452198028564453,
    2.1962368488311768,
    2.2094385623931885,
    2.2159481048583984,
    2.266751289367676,
    2.187509059906006,
    2.1859984397888184,
    2.1811747550964355,
    2.1782002449035645,
    2.13427472114563,
    2.147756576538086,
    2.1419336795806885,
    2.166555404663086,
    2.112771987915039,
    2.113678455352783,
    2.097496271133423,
    2.1074814796447754,
    2.102116107940674,
    2.063506603240967,
    2.181878089904785,
    2.09120512008667,
    2.0729498863220215,
    2.1158852577209473,
    2.104182720184326,
    2.086726665496826,
    2.046945333480835,
    2.1338608264923096,
    2.0781304836273193,
    2.076842784881592,
    2.065005302429199,
    2.1533195972442627,
    2.075256586074829,
    2.0218937397003174,
    2.0776195526123047,
    2.1185131072998047,
    2.06996750831604,
    1.9848929643630981,
    2.025860071182251,
    1.863287329673767,
    2.0317821502685547,
    1.9605488777160645,
    1.8511972427368164,
    2.0172791481018066,
    1.9806376695632935,
    1.9614627361297607,
    1.8635355234146118,
    1.9608310461044312,
    1.984663486480713,
    1.819636344909668,
    2.0682120323181152,
    1.8530395030975342,
    1.8951269388198853,
    1.8912320137023926,
    1.7595570087432861,
    1.918542742729187,
    1.9987798929214478,
    1.7117143869400024,
    1.8758758306503296,
    1.8380625247955322,
    1.7464348077774048,
    1.7269980907440186,
    1.8983943462371826,
    1.8825610876083374,
    1.8276352882385254,
    1.907557487487793
  ],
  "accuracies": [
    0.140625,
    0.109375,
    0.140625,
    0.1875,
    0.078125,
    0.078125,
    0.078125,
    0.125,
    0.109375,
    0.171875,
    0.1875,
    0.03125,
    0.046875,
    0.15625,
    0.140625,
    0.078125,
    0.078125,
    0.0625,
    0.140625,
    0.171875,
    0.15625,
    0.078125,
    0.203125,
    0.125,
    0.1875,
    0.1875,
    0.140625,
    0.1875,
    0.15625,
    0.265625,
    0.296875,
    0.296875,
    0.21875,
    0.203125,
    0.390625,
    0.265625,
    0.28125,
    0.21875,
    0.296875,
    0.09375,
    0.234375,
    0.25,
    0.234375,
    0.265625,
    0.28125,
    0.25,
    0.3125,
    0.234375,
    0.3125,
    0.34375,
    0.28125,
    0.25,
    0.3125,
    0.359375,
    0.15625,
    0.25,
    0.265625,
    0.28125,
    0.203125,
    0.328125,
    0.375,
    0.234375,
    0.28125,
    0.328125,
    0.296875,
    0.203125,
    0.25,
    0.296875,
    0.296875,
    0.234375,
    0.21875,
    0.3125,
    0.296875,
    0.390625,
    0.28125,
    0.28125,
    0.390625,
    0.234375,
    0.296875,
    0.265625,
    0.3125,
    0.234375,
    0.265625,
    0.390625,
    0.21875,
    0.25,
    0.28125,
    0.25,
    0.40625,
    0.296875,
    0.234375,
    0.40625,
    0.3125,
    0.296875,
    0.375,
    0.34375,
    0.359375,
    0.3125,
    0.3125,
    0.3125
  ],
  "grad_norms": [
    0.30162426829338074,
    0.20075233280658722,
    0.27077487111091614,
    0.26405587792396545,
    0.26926612854003906,
    0.21105241775512695,
    0.3146114647388458,
    0.2583513855934143,
    0.23009859025478363,
    0.21120774745941162,
    0.24795952439308167,
    0.2898406684398651,
    0.20945686101913452,
    0.19993054866790771,
    0.23198804259300232,
    0.22922025620937347,
    0.2896997928619385,
    0.23431886732578278,
    0.24880710244178772,
    0.24603994190692902,
    0.19690744578838348,
    0.23975493013858795,
    0.2392652928829193,
    0.2173084020614624,
    0.2413576990365982,
    0.23070581257343292,
    0.244477778673172,
    0.25206807255744934,
    0.23199298977851868,
    0.27602675557136536,
    0.30270636081695557,
    0.28607553243637085,
    0.2391902357339859,
    0.3138235807418823,
    0.34198153018951416,
    0.3438486158847809,
    0.3052823543548584,
    0.29417046904563904,
    0.30565252900123596,
    0.3781449496746063,
    0.24700206518173218,
    0.24986575543880463,
    0.2985495328903198,
    0.2915198504924774,
    0.34072816371917725,
    0.3874906301498413,
    0.3347072899341583,
    0.3536720871925354,
    0.3566185235977173,
    0.3676225543022156,
    0.30934566259384155,
    0.3361795246601105,
    0.32114526629447937,
    0.36564376950263977,
    0.28685420751571655,
    0.32949888706207275,
    0.33881789445877075,
    0.2995914816856384,
    0.3281835615634918,
    0.2904030978679657,
    0.40918460488319397,
    0.329571932554245,
    0.32409656047821045,
    0.3627852201461792,
    0.33318793773651123,
    0.36943355202674866,
    0.3599094748497009,
    0.31804510951042175,
    0.3423815667629242,
    0.40805506706237793,
    0.3177356421947479,
    0.36049821972846985,
    0.33335867524147034,
    0.5054404735565186,
    0.3004324436187744,
    0.32811155915260315,
    0.40400081872940063,
    0.30372655391693115,
    0.4635315239429474,
    0.3982759416103363,
    0.3708999752998352,
    0.29531943798065186,
    0.3950260579586029,
    0.3833775222301483,
    0.3339237570762634,
    0.35077542066574097,
    0.41480889916419983,
    0.3557509779930115,
    0.4461127519607544,
    0.5367699861526489,
    0.36071324348449707,
    0.4342258870601654,
    0.41300472617149353,
    0.3526572287082672,
    0.47593486309051514,
    0.34038546681404114,
    0.3136450946331024,
    0.37607941031455994,
    0.35215044021606445,
    0.4321364462375641
  ],
  "val_steps": [
    21,
    22,
    23,
    24,
    25,
    26,
    27,
    28,
    29,
    30,
    31,
    32,
    33,
    34,
    35,
    36,
    37,
    38,
    39,
    40,
    41,
    42,
    43,
    44,
    45,
    46,
    47,
    48,
    49,
    50,
    51,
    52,
    53,
    54,
    55,
    56,
    57,
    58,
    59,
    60,
    61,
    62,
    63,
    64,
    65,
    66,
    67,
    68,
    69,
    70,
    71,
    72,
    73,
    74,
    75,
    76,
    77,
    78,
    79,
    80,
    81,
    82,
    83,
    84,
    85,
    86,
    87,
    88,
    89,
    90,
    91,
    92,
    93,
    94,
    95,
    96,
    97,
    98,
    99,
    100
  ],