{
  "stage_name": "stage2_gd",
  "stage_idx": 1,
  "steps": [
    1,
    2,
    3,
    4,
    5,
    6,
    7,
    8,
    9,
    10
  ],
  "losses": [
    1.8429663181304932,
    1.8424125909805298,
    1.8418595790863037,
    1.8413070440292358,
    1.8407554626464844,
    1.8402047157287598,
    1.8396544456481934,
    1.8391048908233643,
    1.838555932044983,
    1.8380074501037598
  ],
  "accuracies": [
    0.30390626192092896,
    0.30390626192092896,
    0.30375000834465027,
    0.3034375011920929,
    0.3034375011920929,
    0.3035937547683716,
    0.3035937547683716,
    0.30390626192092896,
    0.30406248569488525,
    0.30406248569488525
  ],
  "grad_norms": [
    0.23534570634365082,
    0.2351941615343094,
    0.23504485189914703,
    0.23489809036254883,
    0.2347535789012909,
    0.23461122810840607,
    0.23447100818157196,
    0.2343330830335617,
    0.23419716954231262,
    0.23406323790550232
  ],
  "val_steps": [
    6,
    7,
    8,
    9,
    10
  ],
  "val_losses": [
    1.929836630821228,
    1.929836630821228,
    1.929836630821228,
    1.929836630821228,
    1.929836630821228
  ],
  "val_accuracies": [
    0.29168801009655,
    0.29168801009655,
    0.29168801009655,
    0.29168801009655,
    0.29168801009655
  ],
  "train_eval_losses": [
    1.8402047157287598,
    1.8402047157287598,
    1.8402047157287598,
    1.8402047157287598,
    1.8402047157287598
  ],
  "train_eval_accs": [
    0.3035937547683716,
    0.3035937547683716,
    0.3035937547683716,
    0.3035937547683716,
    0.3035937547683716
  ]
}