seed,gamma_estimate,gradient_batches
42,0.00072363211074844,24
142,0.0007059850613586605,24
242,0.000718062452506274,24
