{
  "all_directions_log_correlation": -0.41568561821243144,
  "all_directions_relative_error": 51389.44588921794,
  "gamma_cv": 0.012601456647999125,
  "gamma_estimate": 0.00072363211074844,
  "gamma_estimate_ci95_high": 0.0007261017670349453,
  "gamma_estimate_ci95_low": 0.000705684649373971,
  "gamma_estimate_cv": 0.012601456647999125,
  "gamma_estimate_mean": 0.0007158932082044581,
  "gamma_estimate_std": 9.02129722778549e-06,
  "gamma_max": 0.00072363211074844,
  "gamma_mean": 0.0007158932082044581,
  "gamma_min": 0.0007059850613586605,
  "gamma_seed_count": 3,
  "gamma_std": 9.02129722778549e-06,
  "heldout_log_correlation": -0.11382816664639721,
  "heldout_relative_error_after_train_scalar": 0.43114298582077026,
  "heldout_scalar_from_half_top_dirs": 1.1505584578444426,
  "hessian_diag_fluctuation_mean_abs_correlation": NaN,
  "hessian_diag_fluctuation_p95_abs_correlation": NaN,
  "hessian_diag_fraction_mean": 0.7773881554603577,
  "hessian_diag_fraction_p05": 0.7613247275352478,
  "hessian_noise_batches": 2.0,
  "hessian_offdiag_diag_ratio_mean": 0.5350463390350342,
  "hessian_offdiag_diag_ratio_p95": 0.5598988860845566,
  "hessian_offdiag_fraction_mean": 0.22261185944080353,
  "hessian_offdiag_fraction_p95": 0.23867531418800353,
  "log_correlation": 0.1578492037312357,
  "log_mse": 0.16944437105202734,
  "pass": false,
  "random_directions_log_correlation": -0.2442563270800729,
  "random_directions_relative_error": 24350.803456984526,
  "relative_error": 0.3734400336739057,
  "top_best_scalar": 1.0772714943122448,
  "top_permutation_pvalue_log_correlation": 0.18407960199004975,
  "top_relative_error_best_scalar": 0.36743304177526376
}