{
  "stage_name": "stage2_gd",
  "stage_idx": 1,
  "steps": [
    1,
    2,
    3,
    4,
    5,
    6,
    7,
    8,
    9,
    10,
    11,
    12,
    13,
    14,
    15,
    16,
    17,
    18,
    19,
    20,
    21,
    22,
    23,
    24,
    25,
    26,
    27,
    28,
    29,
    30,
    31,
    32,
    33,
    34,
    35,
    36,
    37,
    38,
    39,
    40,
    41,
    42,
    43,
    44,
    45,
    46,
    47,
    48,
    49,
    50
  ],
  "losses": [
    2.836461305618286,
    2.8363397121429443,
    2.836219072341919,
    2.8360977172851562,
    2.8359768390655518,
    2.8358559608459473,
    2.835735321044922,
    2.8356144428253174,
    2.83549427986145,
    2.835373878479004,
    2.8352534770965576,
    2.8351335525512695,
    2.8350133895874023,
    2.834893226623535,
    2.8347740173339844,
    2.8346540927886963,
    2.8345346450805664,
    2.8344149589538574,
    2.8342959880828857,
    2.834176540374756,
    2.834057331085205,
    2.8339381217956543,
    2.8338191509246826,
    2.8337008953094482,
    2.833582639694214,
    2.833463668823242,
    2.833345413208008,
    2.8332266807556152,
    2.83310866355896,
    2.8329906463623047,
    2.8328728675842285,
    2.8327550888061523,
    2.832637310028076,
    2.832519292831421,
    2.832402229309082,
    2.832284688949585,
    2.832167148590088,
    2.8320505619049072,
    2.8319332599639893,
    2.831815719604492,
    2.8316996097564697,
    2.83158278465271,
    2.83146595954895,
    2.8313493728637695,
    2.831233024597168,
    2.8311166763305664,
    2.831000328063965,
    2.8308844566345215,
    2.830768585205078,
    2.8306527137756348
  ],
  "accuracies": [
    0.23603779077529907,
    0.23603779077529907,
    0.23603779077529907,
    0.23603779077529907,
    0.23603779077529907,
    0.23603779077529907,
    0.23603779077529907,
    0.23603779077529907,
    0.23603779077529907,
    0.23603779077529907,
    0.23603779077529907,
    0.23603779077529907,
    0.23603779077529907,
    0.23603779077529907,
    0.23603779077529907,
    0.23603779077529907,
    0.23603779077529907,
    0.23603779077529907,
    0.23603779077529907,
    0.23603779077529907,
    0.23603779077529907,
    0.23603779077529907,
    0.23603779077529907,
    0.23603779077529907,
    0.23603779077529907,
    0.23603779077529907,
    0.23603779077529907,
    0.23603779077529907,
    0.23603779077529907,
    0.23603779077529907,
    0.23603779077529907,
    0.23603779077529907,
    0.23603779077529907,
    0.23603779077529907,
    0.23603779077529907,
    0.23603779077529907,
    0.23603779077529907,
    0.23603779077529907,
    0.23603779077529907,
    0.23603779077529907,
    0.23603779077529907,
    0.23603779077529907,
    0.23603779077529907,
    0.23603779077529907,
    0.23603779077529907,
    0.23603779077529907,
    0.23603779077529907,
    0.23603779077529907,
    0.23603779077529907,
    0.23603779077529907
  ],
  "grad_norms": [
    0.3483567535877228,
    0.34818580746650696,
    0.34801340103149414,
    0.34784263372421265,
    0.3476720452308655,
    0.3475005626678467,
    0.3473288416862488,
    0.3471580147743225,
    0.3469889461994171,
    0.34681805968284607,
    0.3466496467590332,
    0.3464808166027069,
    0.3463127613067627,
    0.3461431562900543,
    0.34597623348236084,
    0.3458087146282196,
    0.34564143419265747,
    0.34547415375709534,
    0.34530746936798096,
    0.34514036774635315,
    0.344974547624588,
    0.3448069989681244,
    0.34464141726493835,
    0.3444768488407135,
    0.3443101942539215,
    0.3441467881202698,
    0.34398096799850464,
    0.34381771087646484,
    0.3436535894870758,
    0.3434908390045166,
    0.3433253765106201,
    0.3431626558303833,
    0.3429994285106659,
    0.3428364396095276,
    0.3426749110221863,
    0.3425135016441345,
    0.3423508405685425,
    0.34218934178352356,
    0.34202703833580017,
    0.34186798334121704,
    0.3417077660560608,
    0.34154707193374634,
    0.34138667583465576,
    0.3412278890609741,
    0.3410675525665283,
    0.3409070372581482,
    0.34074851870536804,
    0.34058961272239685,
    0.34043219685554504,
    0.3402746021747589
  ],
  "val_steps": [
    11,
    12,
    13,
    14,
    15,
    16,
    17,
    18,
    19,
    20,
    21,
    22,
    23,
    24,
    25,
    26,
    27,
    28,
    29,
    30,
    31,
    32,
    33,
    34,
    35,
    36,
    37,
    38,
    39,
    40,
    41,
    42,
    43,
    44,
    45,
    46,
    47,
    48,
    49,
    50
  ],
  "val_losses": [
    2.82242218653361,
    2.82242218653361,
    2.82242218653361,
    2.82242218653361,
    2.82242218653361,
    2.82242218653361,
    2.82242218653361,
    2.82242218653361,
    2.82242218653361,
    2.82242218653361,
    2.8211937745412192,
    2.8211937745412192,
    2.8211937745412192,
    2.8211937745412192,
    2.8211937745412192,
    2.8211937745412192,
    2.8211937745412192,
    2.8211937745412192,
    2.8211937745412192,
    2.8211937745412192,
    2.819976568222046,
    2.819976568222046,
    2.819976568222046,
    2.819976568222046,
    2.819976568222046,
    2.819976568222046,
    2.819976568222046,
    2.819976568222046,
    2.819976568222046,
    2.819976568222046,
    2.8187708854675293,
    2.8187708854675293,
    2.8187708854675293,
    2.8187708854675293,
    2.8187708854675293,
    2.8187708854675293,
    2.8187708854675293,
    2.8187708854675293,
    2.8187708854675293,
    2.8187708854675293
  ],
  "val_accuracies": [
    0.24130975703398386,
    0.24130975703398386,
    0.24130975703398386,
    0.24130975703398386,
    0.24130975703398386,
    0.24130975703398386,
    0.24130975703398386,
    0.24130975703398386,
    0.24130975703398386,
    0.24130975703398386,
    0.24130975703398386,
    0.24130975703398386,
    0.24130975703398386,
    0.24130975703398386,
    0.24130975703398386,
    0.24130975703398386,
    0.24130975703398386,
    0.24130975703398386,
    0.24130975703398386,
    0.24130975703398386,
    0.24130975703398386,
    0.24130975703398386,
    0.24130975703398386,
    0.24130975703398386,
    0.24130975703398386,
    0.24130975703398386,
    0.24130975703398386,
    0.24130975703398386,
    0.24130975703398386,
    0.24130975703398386,
    0.24130975703398386,
    0.24130975703398386,
    0.24130975703398386,
    0.24130975703398386,
    0.24130975703398386,
    0.24130975703398386,
    0.24130975703398386,
    0.24130975703398386,
    0.24130975703398386,
    0.24130975703398386
  ],
  "train_eval_losses": [
    2.8352534770965576,
    2.8352534770965576,
    2.8352534770965576,
    2.8352534770965576,
    2.8352534770965576,
    2.8352534770965576,
    2.8352534770965576,
    2.8352534770965576,
    2.8352534770965576,
    2.8352534770965576,
    2.834057331085205,
    2.834057331085205,
    2.834057331085205,
    2.834057331085205,
    2.834057331085205,
    2.834057331085205,
    2.834057331085205,
    2.834057331085205,
    2.834057331085205,
    2.834057331085205,
    2.8328728675842285,
    2.8328728675842285,
    2.8328728675842285,
    2.8328728675842285,
    2.8328728675842285,
    2.8328728675842285,
    2.8328728675842285,
    2.8328728675842285,
    2.8328728675842285,
    2.8328728675842285,
    2.8316996097564697,
    2.8316996097564697,
    2.8316996097564697,
    2.8316996097564697,
    2.8316996097564697,
    2.8316996097564697,
    2.8316996097564697,
    2.8316996097564697,
    2.8316996097564697,
    2.8316996097564697
  ],