{
  "stage_name": "stage1_sgd",
  "stage_idx": 0,
  "steps": [
    1,
    2,
    3,
    4,
    5,
    6,
    7,
    8,
    9,
    10,
    11,
    12,
    13,
    14,
    15,
    16,
    17,
    18,
    19,
    20,
    21,
    22,
    23,
    24,
    25,
    26,
    27,
    28,
    29,
    30,
    31,
    32,
    33,
    34,
    35,
    36,
    37,
    38,
    39,
    40,
    41,
    42,
    43,
    44,
    45,
    46,
    47,
    48,
    49,
    50,
    51,
    52,
    53,
    54,
    55,
    56,
    57,
    58,
    59,
    60,
    61,
    62,
    63,
    64,
    65,
    66,
    67,
    68,
    69,
    70,
    71,
    72,
    73,
    74,
    75,
    76,
    77,
    78,
    79,
    80,
    81,
    82,
    83,
    84,
    85,
    86,
    87,
    88,
    89,
    90,
    91,
    92,
    93,
    94,
    95,
    96,
    97,
    98,
    99,
    100
  ],
  "losses": [
    2.3715550899505615,
    2.3213391304016113,
    2.2983455657958984,
    2.3011112213134766,
    2.3062989711761475,
    2.3006045818328857,
    2.319524049758911,
    2.294031858444214,
    2.2720417976379395,
    2.294593095779419,
    2.2836523056030273,
    2.249826669692993,
    2.310460090637207,
    2.274815559387207,
    2.2570912837982178,
    2.2625434398651123,
    2.2912757396698,
    2.2963218688964844,
    2.2999064922332764,
    2.269272804260254,
    2.2654621601104736,
    2.253150701522827,
    2.2413876056671143,
    2.2309329509735107,
    2.2380433082580566,
    2.24947190284729,
    2.245095729827881,
    2.2416234016418457,
    2.235675096511841,
    2.216005325317383,
    2.2341864109039307,
    2.20363187789917,
    2.2178006172180176,
    2.22575044631958,
    2.2312891483306885,
    2.168086051940918,
    2.202969551086426,
    2.1862196922302246,
    2.200918674468994,
    2.1837339401245117,
    2.180281162261963,
    2.180248737335205,
    2.1786012649536133,
    2.1882846355438232,
    2.16654634475708,
    2.223785161972046,
    2.156069755554199,
    2.147535800933838,
    2.195549726486206,
    2.190526008605957,
    2.1352343559265137,
    2.0923526287078857,
    2.101581573486328,
    2.1124022006988525,
    2.1386377811431885,
    2.1440346240997314,
    2.086956024169922,
    2.090372323989868,
    2.05863094329834,
    2.091399908065796,
    2.103813648223877,
    2.1040894985198975,
    2.0765364170074463,
    2.027970790863037,
    2.0830419063568115,
    2.0755176544189453,
    2.018766403198242,
    1.9825689792633057,
    2.0882365703582764,
    2.0416948795318604,
    2.016594648361206,
    2.054203510284424,
    1.9632556438446045,
    1.9678541421890259,
    2.055111885070801,
    1.943231225013733,
    1.9872077703475952,
    1.9015063047409058,
    1.9792946577072144,
    1.9246162176132202,
    1.884036660194397,
    1.9393107891082764,
    1.9191958904266357,
    1.9787405729293823,
    1.8946373462677002,
    1.806473731994629,
    2.0489871501922607,
    1.991734266281128,
    1.9393864870071411,
    1.8192685842514038,
    1.8093676567077637,
    1.910557508468628,
    1.7881355285644531,
    1.8179396390914917,
    1.8322112560272217,
    1.815708041191101,
    1.7958840131759644,
    1.7841236591339111,
    1.794527530670166,
    1.7614564895629883
  ],
  "accuracies": [
    0.03125,
    0.03125,
    0.0625,
    0.140625,
    0.03125,
    0.0625,
    0.078125,
    0.03125,
    0.140625,
    0.046875,
    0.140625,
    0.125,
    0.0625,
    0.15625,
    0.15625,
    0.09375,
    0.125,
    0.078125,
    0.0625,
    0.1875,
    0.140625,
    0.109375,
    0.140625,
    0.171875,
    0.171875,
    0.171875,
    0.203125,
    0.203125,
    0.1875,
    0.3125,
    0.203125,
    0.265625,
    0.265625,
    0.28125,
    0.1875,
    0.28125,
    0.3125,
    0.34375,
    0.25,
    0.375,
    0.296875,
    0.296875,
    0.328125,
    0.28125,
    0.296875,
    0.28125,
    0.328125,
    0.25,
    0.296875,
    0.25,
    0.296875,
    0.375,
    0.34375,
    0.421875,
    0.21875,
    0.390625,
    0.390625,
    0.40625,
    0.34375,
    0.40625,
    0.359375,
    0.3125,
    0.4375,
    0.4375,
    0.390625,
    0.328125,
    0.4375,
    0.484375,
    0.265625,
    0.34375,
    0.453125,
    0.34375,
    0.40625,
    0.328125,
    0.328125,
    0.46875,
    0.46875,
    0.46875,
    0.453125,
    0.3125,
    0.4375,
    0.375,
    0.40625,
    0.4375,
    0.359375,
    0.4375,
    0.265625,
    0.359375,
    0.390625,
    0.453125,
    0.578125,
    0.359375,
    0.640625,
    0.390625,
    0.40625,
    0.390625,
    0.421875,
    0.5,
    0.421875,
    0.4375
  ],
  "grad_norms": [
    0.383436381816864,
    0.24847610294818878,
    0.36988407373428345,
    0.297342449426651,
    0.2876712381839752,
    0.24589736759662628,
    0.3672064542770386,
    0.2907293140888214,
    0.25960689783096313,
    0.21902459859848022,
    0.3184812664985657,
    0.2868683636188507,
    0.24549239873886108,
    0.28786590695381165,
    0.2518554925918579,
    0.2947668731212616,
    0.3010968565940857,
    0.26705363392829895,
    0.28196731209754944,
    0.3004983365535736,
    0.2184993475675583,
    0.28777655959129333,
    0.22355547547340393,
    0.31317490339279175,
    0.34433263540267944,
    0.3377428352832794,
    0.29065021872520447,
    0.2734411954879761,
    0.24403037130832672,
    0.27061036229133606,
    0.3345327377319336,
    0.35424965620040894,
    0.27407920360565186,
    0.37172746658325195,
    0.31129175424575806,
    0.4175458550453186,
    0.30426767468452454,
    0.26534178853034973,
    0.355755090713501,
    0.438634991645813,
    0.3422435224056244,
    0.28167659044265747,
    0.338189959526062,
    0.34321650862693787,
    0.33673566579818726,
    0.35910719633102417,
    0.31967392563819885,
    0.35634586215019226,
    0.301238089799881,
    0.32508817315101624,
    0.38066715002059937,
    0.4209548234939575,
    0.40429478883743286,
    0.31679239869117737,
    0.32385173439979553,
    0.3255811631679535,
    0.37048837542533875,
    0.3410293161869049,
    0.35818716883659363,
    0.3232933580875397,
    0.3632281422615051,
    0.35915350914001465,
    0.34975025057792664,
    0.43625906109809875,
    0.3517009913921356,
    0.34556517004966736,
    0.4993940591812134,
    0.37766727805137634,
    0.3073684275150299,
    0.4815693497657776,
    0.3748849332332611,
    0.3489479422569275,
    0.3759939670562744,
    0.551568329334259,
    0.40200015902519226,
    0.45187270641326904,
    0.4419082999229431,
    0.37786227464675903,
    0.5365267395973206,
    0.4230591058731079,
    0.4282122552394867,
    0.3458280563354492,
    0.5037729740142822,
    0.37762895226478577,
    0.3507552146911621,
    0.4256880283355713,
    0.43476876616477966,
    0.4186500310897827,
    0.42303600907325745,
    0.48916977643966675,
    0.5181368589401245,
    0.4740965962409973,
    0.45636650919914246,
    0.3804643452167511,
    0.4419507682323456,
    0.47372400760650635,
    0.35916128754615784,
    0.4208669662475586,
    0.4535890817642212,
    0.6036263704299927
  ],
  "val_steps": [
    21,
    22,
    23,
    24,
    25,
    26,
    27,
    28,
    29,
    30,
    31,
    32,
    33,
    34,
    35,
    36,
    37,
    38,
    39,
    40,
    41,
    42,
    43,
    44,
    45,
    46,
    47,
    48,
    49,
    50,
    51,
    52,
    53,
    54,
    55,
    56,
    57,
    58,
    59,
    60,
    61,
    62,
    63,
    64,
    65,
    66,
    67,
    68,
    69,
    70,
    71,
    72,
    73,
    74,
    75,
    76,
    77,
    78,
    79,
    80,
    81,
    82,
    83,
    84,
    85,
    86,
    87,
    88,
    89,
    90,
    91,
    92,
    93,
    94,
    95,
    96,
    97,
    98,
    99,
    100
  ],