{
  "stage_name": "stage2_gd",
  "stage_idx": 1,
  "steps": [
    1,
    2,
    3,
    4,
    5,
    6,
    7,
    8,
    9,
    10
  ],
  "losses": [
    1.7865411043167114,
    1.7856417894363403,
    1.7847459316253662,
    1.7838534116744995,
    1.7829639911651611,
    1.7820781469345093,
    1.781195044517517,
    1.7803146839141846,
    1.7794376611709595,
    1.778563380241394
  ],
  "accuracies": [
    0.4439062476158142,
    0.44453126192092896,
    0.44578126072883606,
    0.44703125953674316,
    0.4481250047683716,
    0.44921875,
    0.4503124952316284,
    0.4515624940395355,
    0.45124998688697815,
    0.45265623927116394
  ],
  "grad_norms": [
    0.3000602722167969,
    0.299465537071228,
    0.29889070987701416,
    0.298335462808609,
    0.2977989614009857,
    0.29728084802627563,
    0.29678061604499817,
    0.2962978780269623,
    0.2958320379257202,
    0.2953825891017914
  ],
  "val_steps": [
    6,
    7,
    8,
    9,
    10
  ],
  "val_losses": [
    1.8669800162315369,
    1.8669800162315369,
    1.8669800162315369,
    1.8669800162315369,
    1.8669800162315369
  ],
  "val_accuracies": [
    0.40799500048160553,
    0.40799500048160553,
    0.40799500048160553,
    0.40799500048160553,
    0.40799500048160553
  ],
  "train_eval_losses": [
    1.7820781469345093,
    1.7820781469345093,
    1.7820781469345093,
    1.7820781469345093,
    1.7820781469345093
  ],
  "train_eval_accs": [
    0.44921875,
    0.44921875,
    0.44921875,
    0.44921875,
    0.44921875
  ]
}