{
  "centered_loglog_slope": 2.0000000000000013,
  "centered_prediction_relative_error": 0.007941683687769601,
  "dim": 6,
  "mean_grad_norm": 7.2313128242911375,
  "mode": "toy",
  "n_runs": 5000,
  "pass": true,
  "raw_loglog_slope": 2.0000000000000013,
  "raw_over_centered_ratio_at_max_eta": 35.572561097639195,
  "raw_prediction_relative_error": 0.00010954846819879027
}