{
  "stage_name": "stage1_sgd",
  "stage_idx": 0,
  "steps": [
    1,
    2,
    3,
    4,
    5,
    6,
    7,
    8,
    9,
    10,
    11,
    12,
    13,
    14,
    15,
    16,
    17,
    18,
    19,
    20,
    21,
    22,
    23,
    24,
    25,
    26,
    27,
    28,
    29,
    30,
    31,
    32,
    33,
    34,
    35,
    36,
    37,
    38,
    39,
    40,
    41,
    42,
    43,
    44,
    45,
    46,
    47,
    48,
    49,
    50
  ],
  "losses": [
    3.222526788711548,
    3.2229413986206055,
    3.216487169265747,
    3.2147228717803955,
    3.214102268218994,
    3.2119860649108887,
    3.2115540504455566,
    3.2097785472869873,
    3.2122128009796143,
    3.2065134048461914,
    3.2013542652130127,
    3.204127550125122,
    3.1995785236358643,
    3.20001220703125,
    3.1962358951568604,
    3.198847770690918,
    3.1943211555480957,
    3.1931095123291016,
    3.1959068775177,
    3.1894371509552,
    3.1861371994018555,
    3.187981605529785,
    3.181495428085327,
    3.1902716159820557,
    3.180157423019409,
    3.169994592666626,
    3.178344488143921,
    3.174309253692627,
    3.1694178581237793,
    3.164734125137329,
    3.1730754375457764,
    3.162219762802124,
    3.15739369392395,
    3.176616907119751,
    3.167271614074707,
    3.1646127700805664,
    3.1549477577209473,
    3.1488609313964844,
    3.1415247917175293,
    3.1440672874450684,
    3.1434478759765625,
    3.1476354598999023,
    3.1301839351654053,
    3.131439685821533,
    3.124795436859131,
    3.130917549133301,
    3.1267526149749756,
    3.1120994091033936,
    3.1116058826446533,
    3.116462230682373
  ],
  "accuracies": [
    0.0390625,
    0.052734375,
    0.06640625,
    0.064453125,
    0.080078125,
    0.08203125,
    0.11328125,
    0.119140625,
    0.09765625,
    0.119140625,
    0.1484375,
    0.150390625,
    0.15234375,
    0.16015625,
    0.169921875,
    0.177734375,
    0.173828125,
    0.1875,
    0.17578125,
    0.1640625,
    0.197265625,
    0.189453125,
    0.21875,
    0.193359375,
    0.203125,
    0.2265625,
    0.201171875,
    0.216796875,
    0.232421875,
    0.228515625,
    0.212890625,
    0.234375,
    0.232421875,
    0.18359375,
    0.203125,
    0.201171875,
    0.234375,
    0.23046875,
    0.255859375,
    0.234375,
    0.234375,
    0.21875,
    0.248046875,
    0.23828125,
    0.248046875,
    0.234375,
    0.240234375,
    0.248046875,
    0.25390625,
    0.248046875
  ],
  "grad_norms": [
    0.4469251036643982,
    0.43490633368492126,
    0.43698835372924805,
    0.41616421937942505,
    0.43518173694610596,
    0.4312177300453186,
    0.4492417275905609,
    0.4585117995738983,
    0.41806137561798096,
    0.4078349471092224,
    0.45577266812324524,
    0.4243638515472412,
    0.43593236804008484,
    0.4540552496910095,
    0.4469470679759979,
    0.4758649170398712,
    0.4218944013118744,
    0.47583654522895813,
    0.4484333097934723,
    0.4276482164859772,
    0.5046582818031311,
    0.4768545627593994,
    0.48972368240356445,
    0.4619245231151581,
    0.5128679275512695,
    0.5399677753448486,
    0.48129943013191223,
    0.49644142389297485,
    0.5170556306838989,
    0.5293951034545898,
    0.5371642708778381,
    0.5365502238273621,
    0.5692102313041687,
    0.4661370813846588,
    0.4795357584953308,
    0.5039176940917969,
    0.5513840913772583,
    0.5363609790802002,
    0.5935675501823425,
    0.5570332407951355,
    0.538318395614624,
    0.5275249481201172,
    0.5980347990989685,
    0.5538593530654907,
    0.5848804712295532,
    0.5527403354644775,
    0.5729610919952393,
    0.5973706245422363,
    0.5983784198760986,
    0.5988140106201172
  ],
  "val_steps": [
    26,
    27,
    28,
    29,
    30,
    31,
    32,
    33,
    34,
    35,
    36,
    37,
    38,
    39,
    40,
    41,
    42,
    43,
    44,
    45,
    46,
    47,
    48,
    49,
    50
  ],
  "val_losses": [
    3.1759163538614907,
    3.1759163538614907,
    3.1759163538614907,
    3.1759163538614907,
    3.1759163538614907,
    3.1759163538614907,
    3.1759163538614907,
    3.1759163538614907,
    3.1759163538614907,
    3.1759163538614907,
    3.1759163538614907,
    3.1759163538614907,
    3.1759163538614907,
    3.1759163538614907,
    3.1759163538614907,
    3.1759163538614907,
    3.1759163538614907,
    3.1759163538614907,
    3.1759163538614907,
    3.1759163538614907,
    3.1759163538614907,
    3.1759163538614907,
    3.1759163538614907,
    3.1759163538614907,
    3.1759163538614907
  ],
  "val_accuracies": [
    0.21451241771380106,
    0.21451241771380106,
    0.21451241771380106,
    0.21451241771380106,
    0.21451241771380106,
    0.21451241771380106,
    0.21451241771380106,
    0.21451241771380106,
    0.21451241771380106,
    0.21451241771380106,
    0.21451241771380106,
    0.21451241771380106,
    0.21451241771380106,
    0.21451241771380106,
    0.21451241771380106,
    0.21451241771380106,
    0.21451241771380106,
    0.21451241771380106,
    0.21451241771380106,
    0.21451241771380106,
    0.21451241771380106,
    0.21451241771380106,
    0.21451241771380106,
    0.21451241771380106,
    0.21451241771380106
  ],
  "train_eval_losses": [
    3.1787974206176965,
    3.1787974206176965,
    3.1787974206176965,
    3.1787974206176965,
    3.1787974206176965,
    3.1787974206176965,
    3.1787974206176965,
    3.1787974206176965,
    3.1787974206176965,
    3.1787974206176965,
    3.1787974206176965,
    3.1787974206176965,
    3.1787974206176965,
    3.1787974206176965,
    3.1787974206176965,
    3.1787974206176965,
    3.1787974206176965,
    3.1787974206176965,
    3.1787974206176965,
    3.1787974206176965,
    3.1787974206176965,
    3.1787974206176965,
    3.1787974206176965,
    3.1787974206176965,
    3.1787974206176965
  ],
  "train_eval_accs": [
    0.20544763513513514,
    0.20544763513513514,
    0.20544763513513514,
    0.20544763513513514,
    0.20544763513513514,
    0.20544763513513514,
    0.20544763513513514,
    0.20544763513513514,
    0.20544763513513514,
    0.20544763513513514,
    0.20544763513513514,
    0.20544763513513514,
    0.20544763513513514,
    0.20544763513513514,
    0.20544763513513514,
    0.20544763513513514,
    0.20544763513513514,
    0.20544763513513514,
    0.20544763513513514,
    0.20544763513513514,
    0.20544763513513514,
    0.20544763513513514,
    0.20544763513513514,
    0.20544763513513514,
    0.20544763513513514
  ]
}