{
  "stage_name": "stage2_gd",
  "stage_idx": 1,
  "steps": [
    1,
    2,
    3,
    4,
    5,
    6,
    7,
    8,
    9,
    10
  ],
  "losses": [
    3.1139416694641113,
    3.1136467456817627,
    3.113351345062256,
    3.11305570602417,
    3.112760305404663,
    3.112464427947998,
    3.112168312072754,
    3.1118721961975098,
    3.1115760803222656,
    3.1112797260284424
  ],
  "accuracies": [
    0.23590582609176636,
    0.2358926236629486,
    0.23590582609176636,
    0.2359190285205841,
    0.23590582609176636,
    0.23593221604824066,
    0.23593221604824066,
    0.23593221604824066,
    0.2359454184770584,
    0.2359190285205841
  ],
  "grad_norms": [
    0.5431976914405823,
    0.5433591604232788,
    0.543520987033844,
    0.5436768531799316,
    0.5438293814659119,
    0.5439862608909607,
    0.5441402196884155,
    0.5442940592765808,
    0.5444427132606506,
    0.5445939302444458
  ],
  "val_steps": [
    6,
    7,
    8,
    9,
    10
  ],
  "val_losses": [
    3.107856035232544,
    3.107856035232544,
    3.107856035232544,
    3.107856035232544,
    3.107856035232544
  ],
  "val_accuracies": [
    0.24207705756028494,
    0.24207705756028494,
    0.24207705756028494,
    0.24207705756028494,
    0.24207705756028494
  ],
  "train_eval_losses": [
    3.112464427947998,
    3.112464427947998,
    3.112464427947998,
    3.112464427947998,
    3.112464427947998
  ],
  "train_eval_accs": [
    0.23593221604824066,
    0.23593221604824066,
    0.23593221604824066,
    0.23593221604824066,
    0.23593221604824066
  ]
}