{
  "stage_name": "stage3_sgd",
  "stage_idx": 2,
  "steps": [
    1,
    2,
    3,
    4,
    5,
    6,
    7,
    8,
    9,
    10,
    11,
    12,
    13,
    14,
    15,
    16,
    17,
    18,
    19,
    20,
    21,
    22,
    23,
    24,
    25,
    26,
    27,
    28,
    29,
    30,
    31,
    32,
    33,
    34,
    35,
    36,
    37,
    38,
    39,
    40,
    41,
    42,
    43,
    44,
    45,
    46,
    47,
    48,
    49,
    50
  ],
  "losses": [
    3.105341672897339,
    3.1034939289093018,
    3.0979039669036865,
    3.1026692390441895,
    3.0944955348968506,
    3.0870814323425293,
    3.085233449935913,
    3.0773212909698486,
    3.0908050537109375,
    3.088036298751831,
    3.069303512573242,
    3.081177234649658,
    3.0680484771728516,
    3.0634987354278564,
    3.0661251544952393,
    3.056915760040283,
    3.067641019821167,
    3.049154758453369,
    3.062981605529785,
    3.0655035972595215,
    3.037475824356079,
    3.0418479442596436,
    3.035921812057495,
    3.053910732269287,
    3.031172752380371,
    3.0144731998443604,
    3.03505277633667,
    3.029148817062378,
    3.023019313812256,
    3.0104994773864746,
    3.020038366317749,
    3.0083398818969727,
    2.9968860149383545,
    3.0523335933685303,
    3.033735752105713,
    3.0198142528533936,
    2.997866153717041,
    3.0011086463928223,
    2.9752657413482666,
    2.9958877563476562,
    2.9968974590301514,
    3.0027167797088623,
    2.9714019298553467,
    2.9813761711120605,
    2.965822458267212,
    2.982410192489624,
    2.978355884552002,
    2.9521751403808594,
    2.9559311866760254,
    2.9596941471099854
  ],
  "accuracies": [
    0.2578125,
    0.23828125,
    0.251953125,
    0.232421875,
    0.244140625,
    0.244140625,
    0.24609375,
    0.25390625,
    0.23828125,
    0.228515625,
    0.24609375,
    0.224609375,
    0.240234375,
    0.25,
    0.232421875,
    0.25390625,
    0.2265625,
    0.248046875,
    0.228515625,
    0.2109375,
    0.248046875,
    0.24609375,
    0.24609375,
    0.23046875,
    0.244140625,
    0.251953125,
    0.234375,
    0.244140625,
    0.228515625,
    0.248046875,
    0.240234375,
    0.25,
    0.2421875,
    0.193359375,
    0.2109375,
    0.228515625,
    0.244140625,
    0.23046875,
    0.26171875,
    0.228515625,
    0.2265625,
    0.2265625,
    0.251953125,
    0.2421875,
    0.248046875,
    0.236328125,
    0.2421875,
    0.25390625,
    0.251953125,
    0.24609375
  ],
  "grad_norms": [
    0.6114118099212646,
    0.6105967164039612,
    0.593192994594574,
    0.5818343162536621,
    0.602125346660614,
    0.6071310043334961,
    0.6096794009208679,
    0.6285755634307861,
    0.5867035984992981,
    0.5550273060798645,
    0.6017941832542419,
    0.5729290246963501,
    0.5990113019943237,
    0.6209797859191895,
    0.5659882426261902,
    0.6204673647880554,
    0.5441144108772278,
    0.6106799840927124,
    0.5738509297370911,
    0.525527834892273,
    0.6077952980995178,
    0.6205456852912903,
    0.5947714447975159,
    0.5608847141265869,
    0.5922517776489258,
    0.6064518094062805,
    0.5698710680007935,
    0.5630461573600769,
    0.5751111507415771,
    0.6051732897758484,
    0.5750727653503418,
    0.5817939043045044,
    0.6046236157417297,
    0.49632805585861206,
    0.5135707259178162,
    0.5486497282981873,
    0.5850072503089905,
    0.5368584990501404,
    0.6049607396125793,
    0.5496969819068909,
    0.5319870710372925,
    0.5479657053947449,
    0.5868548154830933,
    0.5368449091911316,
    0.5772885084152222,
    0.5239396691322327,
    0.5350415110588074,
    0.5613152980804443,
    0.5588421821594238,
    0.5519753098487854
  ],
  "val_steps": [
    26,
    27,
    28,
    29,
    30,
    31,
    32,
    33,
    34,
    35,
    36,
    37,
    38,
    39,
    40,
    41,
    42,
    43,
    44,
    45,
    46,
    47,
    48,
    49,
    50
  ],
  "val_losses": [
    3.0280458132425943,
    3.0280458132425943,
    3.0280458132425943,
    3.0280458132425943,
    3.0280458132425943,
    3.0280458132425943,
    3.0280458132425943,
    3.0280458132425943,
    3.0280458132425943,
    3.0280458132425943,
    3.0280458132425943,
    3.0280458132425943,
    3.0280458132425943,
    3.0280458132425943,
    3.0280458132425943,
    3.0280458132425943,
    3.0280458132425943,
    3.0280458132425943,
    3.0280458132425943,
    3.0280458132425943,
    3.0280458132425943,
    3.0280458132425943,
    3.0280458132425943,
    3.0280458132425943,
    3.0280458132425943
  ],
  "val_accuracies": [
    0.24172246952851614,
    0.24172246952851614,
    0.24172246952851614,
    0.24172246952851614,
    0.24172246952851614,
    0.24172246952851614,
    0.24172246952851614,
    0.24172246952851614,
    0.24172246952851614,
    0.24172246952851614,
    0.24172246952851614,
    0.24172246952851614,
    0.24172246952851614,
    0.24172246952851614,
    0.24172246952851614,
    0.24172246952851614,
    0.24172246952851614,
    0.24172246952851614,
    0.24172246952851614,
    0.24172246952851614,
    0.24172246952851614,
    0.24172246952851614,
    0.24172246952851614,
    0.24172246952851614,
    0.24172246952851614
  ],
  "train_eval_losses": [
    3.034301870578044,
    3.034301870578044,
    3.034301870578044,
    3.034301870578044,
    3.034301870578044,
    3.034301870578044,
    3.034301870578044,
    3.034301870578044,
    3.034301870578044,
    3.034301870578044,
    3.034301870578044,
    3.034301870578044,
    3.034301870578044,
    3.034301870578044,
    3.034301870578044,
    3.034301870578044,
    3.034301870578044,
    3.034301870578044,
    3.034301870578044,
    3.034301870578044,
    3.034301870578044,
    3.034301870578044,
    3.034301870578044,
    3.034301870578044,
    3.034301870578044
  ],
  "train_eval_accs": [
    0.23624894425675674,
    0.23624894425675674,
    0.23624894425675674,
    0.23624894425675674,
    0.23624894425675674,
    0.23624894425675674,
    0.23624894425675674,
    0.23624894425675674,
    0.23624894425675674,
    0.23624894425675674,
    0.23624894425675674,
    0.23624894425675674,
    0.23624894425675674,
    0.23624894425675674,
    0.23624894425675674,
    0.23624894425675674,
    0.23624894425675674,
    0.23624894425675674,
    0.23624894425675674,
    0.23624894425675674,
    0.23624894425675674,
    0.23624894425675674,
    0.23624894425675674,
    0.23624894425675674,
    0.23624894425675674
  ]
}