{
  "dim": 10,
  "mean_grad_norm": 7.99481786250137,
  "mode": "toy",
  "orthogonal_centered_covariance_mean": 0.00022536883879140522,
  "orthogonal_raw_second_moment_mean": 0.0002253718399858702,
  "parallel_centered_covariance": 0.00022524744449224543,
  "parallel_over_orthogonal_raw_ratio": 256.30811808166504,
  "parallel_raw_second_moment": 0.05776463217538053,
  "pass": true
}