{
  "centered_loglog_slope": 2.0000000000000027,
  "centered_prediction_relative_error": 0.0015828212007895541,
  "dim": 10,
  "mean_grad_norm": 3.997408931250685,
  "mode": "toy",
  "n_runs": 50000,
  "pass": true,
  "raw_loglog_slope": 2.0000000000000013,
  "raw_over_centered_ratio_at_max_eta": 7.384708994459518,
  "raw_prediction_relative_error": 0.0006361098733915923
}