{
  "dim": 6,
  "mean_grad_norm": 14.462625648582275,
  "mode": "toy",
  "orthogonal_centered_covariance_mean": 0.00022753629790823012,
  "orthogonal_raw_second_moment_mean": 0.00022761060261417335,
  "parallel_centered_covariance": 0.00022312561000350378,
  "parallel_over_orthogonal_raw_ratio": 827.9093567285179,
  "parallel_raw_second_moment": 0.18844094759489058,
  "pass": true
}