{
  "batch_size": 128,
  "epoch_steps": 4,
  "epochs_run": 3000,
  "final_test_accuracy": 0.832,
  "final_test_loss": 1.0075715780258179,
  "final_train_accuracy": 1.0,
  "final_train_loss": 0.0008168703643605113,
  "last_slope": -0.0006906622620934381,
  "lr": 0.08,
  "max_epochs": 3000,
  "patience": 100,
  "plateau_epoch": null,
  "reason": "not_detected",
  "rel_slope_threshold": 0.0001,
  "runtime_seconds": 412.02213749999646,
  "sample_size": 512,
  "seed": 54,
  "window": 200
}