{
  "gamma_ci95_high": 0.019407205671173385,
  "gamma_ci95_low": 0.008241576677460777,
  "gamma_cv": 2.787254703340687,
  "gamma_mean": 0.01382439117431708,
  "gamma_std": 0.038532099321436766,
  "grad_noise_lambda_log_correlation": 0.8521452667222806,
  "linear_fit_intercept": -9.86477636136832e-05,
  "linear_fit_r2": 0.47320004586719766,
  "linear_fit_slope": 0.011738848480876241,
  "n_directions": 183,
  "pass": true,
  "positive_lambda_max": 0.18860892951488495,
  "positive_lambda_min": 3.4304687090980224e-08,
  "source_result_dir": "src/scripts/exp6/results/exp2_eq32_smoke"
}