seed,gamma_estimate,gradient_batches
42,0.0004252020444255322,32
142,0.00038170613697730005,32
242,0.0003863002348225564,32
