{
  "all_directions_log_correlation": 0.05167572186053758,
  "all_directions_relative_error": 7.899352799937219,
  "gamma_cv": 0.06008211532239796,
  "gamma_estimate": 0.00039861988625489175,
  "gamma_estimate_ci95_high": 0.0004247779459247223,
  "gamma_estimate_ci95_low": 0.0003706943315588701,
  "gamma_estimate_cv": 0.06008211532239796,
  "gamma_estimate_mean": 0.0003977361387417962,
  "gamma_estimate_std": 2.3896828555769875e-05,
  "gamma_max": 0.0004252020444255322,
  "gamma_mean": 0.0003977361387417962,
  "gamma_min": 0.00038170613697730005,
  "gamma_seed_count": 3,
  "gamma_std": 2.3896828555769875e-05,
  "heldout_log_correlation": 0.9323433753658499,
  "heldout_relative_error_after_train_scalar": 0.24774815142154694,
  "heldout_scalar_from_half_top_dirs": 1.0181341638338748,
  "hessian_diag_fluctuation_mean_abs_correlation": 0.32843608465301694,
  "hessian_diag_fluctuation_p95_abs_correlation": 0.7343680946838615,
  "hessian_diag_fraction_mean": 0.8888079524040222,
  "hessian_diag_fraction_p05": 0.8681714236736298,
  "hessian_noise_batches": 12.0,
  "hessian_offdiag_diag_ratio_mean": 0.3529696762561798,
  "hessian_offdiag_diag_ratio_p95": 0.3896592766046524,
  "hessian_offdiag_fraction_mean": 0.11119206994771957,
  "hessian_offdiag_fraction_p95": 0.13182859271764755,
  "log_correlation": 0.9372681648070507,
  "log_mse": 0.06013544127496307,
  "pass": true,
  "random_directions_log_correlation": 0.10288616423939484,
  "random_directions_relative_error": 5.05888823073685,
  "reference_full_grad_norm": 0.2537148892879486,
  "reference_full_loss": 2.5957109928131104,
  "relative_error": 0.23232954196566571,
  "top_best_scalar": 0.9916368901298557,
  "top_permutation_pvalue_log_correlation": 0.004975124378109453,
  "top_relative_error_best_scalar": 0.2321846768485955
}