{
  "stage_name": "stage1_sgd",
  "stage_idx": 0,
  "steps": [
    1,
    2,
    3,
    4,
    5,
    6,
    7,
    8,
    9,
    10,
    11,
    12,
    13,
    14,
    15,
    16,
    17,
    18,
    19,
    20,
    21,
    22,
    23,
    24,
    25,
    26,
    27,
    28,
    29,
    30,
    31,
    32,
    33,
    34,
    35,
    36,
    37,
    38,
    39,
    40,
    41,
    42,
    43,
    44,
    45,
    46,
    47,
    48,
    49,
    50,
    51,
    52,
    53,
    54,
    55,
    56,
    57,
    58,
    59,
    60,
    61,
    62,
    63,
    64,
    65,
    66,
    67,
    68,
    69,
    70,
    71,
    72,
    73,
    74,
    75,
    76,
    77,
    78,
    79,
    80,
    81,
    82,
    83,
    84,
    85,
    86,
    87,
    88,
    89,
    90,
    91,
    92,
    93,
    94,
    95,
    96,
    97,
    98,
    99,
    100
  ],
  "losses": [
    2.2720553874969482,
    2.262209177017212,
    2.2717721462249756,
    2.2548530101776123,
    2.2678191661834717,
    2.2290496826171875,
    2.3427093029022217,
    2.2490458488464355,
    2.2322185039520264,
    2.25850248336792,
    2.2766923904418945,
    2.2656912803649902,
    2.2784247398376465,
    2.25439453125,
    2.227708339691162,
    2.261129856109619,
    2.228719711303711,
    2.248013734817505,
    2.203220844268799,
    2.235292434692383,
    2.223935127258301,
    2.2190890312194824,
    2.2395949363708496,
    2.1879312992095947,
    2.2077908515930176,
    2.185472011566162,
    2.2270514965057373,
    2.1883127689361572,
    2.1762781143188477,
    2.1496169567108154,
    2.1617953777313232,
    2.1422324180603027,
    2.2046215534210205,
    2.2184672355651855,
    2.1412060260772705,
    2.051852226257324,
    2.121307849884033,
    2.1244089603424072,
    2.1578423976898193,
    2.1729891300201416,
    2.130349636077881,
    2.132185459136963,
    2.131831645965576,
    2.1121063232421875,
    2.1399013996124268,
    2.1768953800201416,
    2.1055092811584473,
    2.074110746383667,
    2.1009817123413086,
    2.074789047241211,
    2.0332963466644287,
    2.0026421546936035,
    2.002577781677246,
    2.092195510864258,
    2.0743377208709717,
    2.151919364929199,
    1.947693943977356,
    2.060792922973633,
    1.966774344444275,
    2.0087358951568604,
    2.013723850250244,
    2.067570447921753,
    1.9598736763000488,
    1.9692347049713135,
    2.010009288787842,
    1.96295964717865,
    1.971009373664856,
    1.9489407539367676,
    1.930246114730835,
    2.033146619796753,
    1.9099856615066528,
    1.971248984336853,
    1.9199175834655762,
    1.8701175451278687,
    1.976340413093567,
    1.8491480350494385,
    1.8922849893569946,
    1.8242383003234863,
    1.9549390077590942,
    1.8330397605895996,
    1.7245293855667114,
    1.8605411052703857,
    1.8231990337371826,
    1.8277159929275513,
    1.8463152647018433,
    1.80436372756958,
    1.9408392906188965,
    1.8675554990768433,
    1.7777973413467407,
    1.7407360076904297,
    1.7289867401123047,
    1.759242057800293,
    1.785224199295044,
    1.6793023347854614,
    1.7450827360153198,
    1.699655294418335,
    1.747815728187561,
    1.7154033184051514,
    1.7198482751846313,
    1.6975282430648804
  ],
  "accuracies": [
    0.15625,
    0.203125,
    0.109375,
    0.15625,
    0.140625,
    0.1875,
    0.03125,
    0.140625,
    0.21875,
    0.1875,
    0.125,
    0.125,
    0.078125,
    0.140625,
    0.15625,
    0.109375,
    0.140625,
    0.15625,
    0.21875,
    0.15625,
    0.203125,
    0.140625,
    0.078125,
    0.234375,
    0.203125,
    0.234375,
    0.09375,
    0.125,
    0.1875,
    0.171875,
    0.171875,
    0.21875,
    0.125,
    0.140625,
    0.25,
    0.375,
    0.265625,
    0.234375,
    0.15625,
    0.15625,
    0.28125,
    0.28125,
    0.21875,
    0.28125,
    0.3125,
    0.21875,
    0.40625,
    0.421875,
    0.375,
    0.390625,
    0.390625,
    0.453125,
    0.359375,
    0.296875,
    0.3125,
    0.21875,
    0.46875,
    0.390625,
    0.40625,
    0.40625,
    0.375,
    0.421875,
    0.453125,
    0.390625,
    0.40625,
    0.484375,
    0.453125,
    0.40625,
    0.453125,
    0.4375,
    0.453125,
    0.421875,
    0.40625,
    0.5,
    0.4375,
    0.5625,
    0.625,
    0.453125,
    0.484375,
    0.421875,
    0.5625,
    0.53125,
    0.515625,
    0.59375,
    0.515625,
    0.515625,
    0.453125,
    0.453125,
    0.609375,
    0.5625,
    0.53125,
    0.546875,
    0.640625,
    0.546875,
    0.53125,
    0.578125,
    0.5625,
    0.640625,
    0.515625,
    0.5625
  ],
  "grad_norms": [
    0.2954956889152527,
    0.2292627990245819,
    0.30106034874916077,
    0.3145265579223633,
    0.28077325224876404,
    0.23598584532737732,
    0.38285157084465027,
    0.29290810227394104,
    0.25039786100387573,
    0.23083077371120453,
    0.33562320470809937,
    0.3330135643482208,
    0.24215473234653473,
    0.28642937541007996,
    0.24748528003692627,
    0.3068898916244507,
    0.28126978874206543,
    0.24577099084854126,
    0.28155022859573364,
    0.28006651997566223,
    0.22431054711341858,
    0.27039071917533875,
    0.2526834011077881,
    0.33716240525245667,
    0.33840212225914,
    0.3475287854671478,
    0.31123262643814087,
    0.2868536114692688,
    0.26045143604278564,
    0.2857281565666199,
    0.3887453079223633,
    0.3371599018573761,
    0.2835116982460022,
    0.3879232108592987,
    0.29364392161369324,
    0.42882204055786133,
    0.3025963604450226,
    0.3012680411338806,
    0.3503648042678833,
    0.4309750497341156,
    0.3830726742744446,
    0.28937020897865295,
    0.3076966404914856,
    0.36902156472206116,
    0.3381372094154358,
    0.3505699038505554,
    0.30277708172798157,
    0.37294453382492065,
    0.3539261221885681,
    0.33039283752441406,
    0.37064069509506226,
    0.3993132710456848,
    0.3857603371143341,
    0.30702146887779236,
    0.3359346389770508,
    0.3341718316078186,
    0.40232983231544495,
    0.3125220537185669,
    0.3852890133857727,
    0.32491007447242737,
    0.37591153383255005,
    0.32727932929992676,
    0.364452600479126,
    0.38769587874412537,
    0.3288736641407013,
    0.36433741450309753,
    0.420722633600235,
    0.32222458720207214,
    0.3634241819381714,
    0.40510642528533936,
    0.3676418960094452,
    0.4162878394126892,
    0.3429376780986786,
    0.48892638087272644,
    0.3585762083530426,
    0.4192669093608856,
    0.4381139874458313,
    0.39400291442871094,
    0.46510258316993713,
    0.4337674677371979,
    0.41106754541397095,
    0.36254552006721497,
    0.5073033571243286,
    0.38986003398895264,
    0.36819252371788025,
    0.3840653598308563,
    0.4987487196922302,
    0.4499913156032562,
    0.42801862955093384,
    0.5463942289352417,
    0.43663427233695984,
    0.5153091549873352,
    0.45392274856567383,
    0.40640464425086975,
    0.5281094312667847,
    0.45937761664390564,
    0.37173566222190857,
    0.4329434037208557,
    0.44284388422966003,
    0.5481452941894531
  ],
  "val_steps": [
    21,
    22,
    23,
    24,
    25,
    26,
    27,
    28,
    29,
    30,
    31,
    32,
    33,
    34,
    35,
    36,
    37,
    38,
    39,
    40,
    41,
    42,
    43,
    44,
    45,
    46,
    47,
    48,
    49,
    50,
    51,
    52,
    53,
    54,
    55,
    56,
    57,
    58,
    59,
    60,
    61,
    62,
    63,
    64,
    65,
    66,
    67,
    68,
    69,
    70,
    71,
    72,
    73,
    74,
    75,
    76,
    77,
    78,
    79,
    80,
    81,
    82,
    83,
    84,
    85,
    86,
    87,
    88,
    89,
    90,
    91,
    92,
    93,
    94,
    95,
    96,
    97,
    98,
    99,
    100
  ],