{
  "stage_name": "stage2_gd",
  "stage_idx": 1,
  "steps": [
    1,
    2,
    3,
    4,
    5,
    6,
    7,
    8,
    9,
    10
  ],
  "losses": [
    1.6601759195327759,
    1.65911066532135,
    1.6580451726913452,
    1.6569797992706299,
    1.6559138298034668,
    1.6548478603363037,
    1.6537818908691406,
    1.6527154445648193,
    1.6516488790512085,
    1.650581955909729
  ],
  "accuracies": [
    0.5596874952316284,
    0.5604687333106995,
    0.5607812404632568,
    0.5607812404632568,
    0.5610937476158142,
    0.5614062547683716,
    0.5623437762260437,
    0.5626562237739563,
    0.5626562237739563,
    0.5629687309265137
  ],
  "grad_norms": [
    0.3263660669326782,
    0.3263949453830719,
    0.32642441987991333,
    0.32645416259765625,
    0.326484352350235,
    0.32651472091674805,
    0.3265454173088074,
    0.3265765607357025,
    0.3266076445579529,
    0.3266390264034271
  ],
  "val_steps": [
    6,
    7,
    8,
    9,
    10
  ],
  "val_losses": [
    1.7878636121749878,
    1.7878636121749878,
    1.7878636121749878,
    1.7878636121749878,
    1.7878636121749878
  ],
  "val_accuracies": [
    0.5169857740402222,
    0.5169857740402222,
    0.5169857740402222,
    0.5169857740402222,
    0.5169857740402222
  ],
  "train_eval_losses": [
    1.6548478603363037,
    1.6548478603363037,
    1.6548478603363037,
    1.6548478603363037,
    1.6548478603363037
  ],
  "train_eval_accs": [
    0.5614062547683716,
    0.5614062547683716,
    0.5614062547683716,
    0.5614062547683716,
    0.5614062547683716
  ]
}