{
  "stage_name": "stage2_gd",
  "stage_idx": 1,
  "steps": [
    1,
    2,
    3,
    4,
    5,
    6,
    7,
    8,
    9,
    10
  ],
  "losses": [
    1.4883434772491455,
    1.4873018264770508,
    1.486263394355774,
    1.4852283000946045,
    1.484196424484253,
    1.4831678867340088,
    1.4821418523788452,
    1.4811192750930786,
    1.4800993204116821,
    1.4790822267532349
  ],
  "accuracies": [
    0.57421875,
    0.5746874809265137,
    0.574999988079071,
    0.574999988079071,
    0.5754687786102295,
    0.5754687786102295,
    0.5757812261581421,
    0.5764062404632568,
    0.5764062404632568,
    0.5768749713897705
  ],
  "grad_norms": [
    0.3228868246078491,
    0.32235851883888245,
    0.3218448758125305,
    0.3213454782962799,
    0.320859432220459,
    0.3203863203525543,
    0.3199257254600525,
    0.3194769322872162,
    0.3190396726131439,
    0.3186131715774536
  ],
  "val_steps": [
    6,
    7,
    8,
    9,
    10
  ],
  "val_losses": [
    1.6282036304473877,
    1.6282036304473877,
    1.6282036304473877,
    1.6282036304473877,
    1.6282036304473877
  ],
  "val_accuracies": [
    0.5252305269241333,
    0.5252305269241333,
    0.5252305269241333,
    0.5252305269241333,
    0.5252305269241333
  ],
  "train_eval_losses": [
    1.4831678867340088,
    1.4831678867340088,
    1.4831678867340088,
    1.4831678867340088,
    1.4831678867340088
  ],
  "train_eval_accs": [
    0.5754687786102295,
    0.5754687786102295,
    0.5754687786102295,
    0.5754687786102295,
    0.5754687786102295
  ]
}