{
  "stage_name": "stage1_sgd",
  "stage_idx": 0,
  "steps": [
    1,
    2,
    3,
    4,
    5,
    6,
    7,
    8,
    9,
    10,
    11,
    12,
    13,
    14,
    15,
    16,
    17,
    18,
    19,
    20,
    21,
    22,
    23,
    24,
    25,
    26,
    27,
    28,
    29,
    30,
    31,
    32,
    33,
    34,
    35,
    36,
    37,
    38,
    39,
    40,
    41,
    42,
    43,
    44,
    45,
    46,
    47,
    48,
    49,
    50,
    51,
    52,
    53,
    54,
    55,
    56,
    57,
    58,
    59,
    60,
    61,
    62,
    63,
    64,
    65,
    66,
    67,
    68,
    69,
    70,
    71,
    72,
    73,
    74,
    75,
    76,
    77,
    78,
    79,
    80,
    81,
    82,
    83,
    84,
    85,
    86,
    87,
    88,
    89,
    90,
    91,
    92,
    93,
    94,
    95,
    96,
    97,
    98,
    99,
    100
  ],
  "losses": [
    2.2959306240081787,
    2.3196210861206055,
    2.276982545852661,
    2.317185878753662,
    2.3344175815582275,
    2.3019726276397705,
    2.2642669677734375,
    2.2942254543304443,
    2.2760233879089355,
    2.2680797576904297,
    2.254106283187866,
    2.2545692920684814,
    2.257612705230713,
    2.264986515045166,
    2.2632105350494385,
    2.284396171569824,
    2.237311363220215,
    2.2367775440216064,
    2.2315785884857178,
    2.2124526500701904,
    2.230128526687622,
    2.201685905456543,
    2.187255382537842,
    2.2155256271362305,
    2.1847667694091797,
    2.2048137187957764,
    2.1686837673187256,
    2.2180089950561523,
    2.1878914833068848,
    2.1356077194213867,
    2.1305689811706543,
    2.1300747394561768,
    2.158879518508911,
    2.1535539627075195,
    2.1027426719665527,
    2.0623817443847656,
    2.081423759460449,
    2.1130013465881348,
    2.102059841156006,
    2.1072592735290527,
    2.078258752822876,
    2.0881667137145996,
    2.0744879245758057,
    2.046452045440674,
    2.0560505390167236,
    2.077204465866089,
    2.028245687484741,
    2.0037713050842285,
    2.014824628829956,
    2.024700880050659,
    1.972723126411438,
    1.9370832443237305,
    1.9704620838165283,
    1.9524078369140625,
    1.991365909576416,
    1.9893176555633545,
    1.8201403617858887,
    1.934389352798462,
    1.8521816730499268,
    1.8954764604568481,
    1.9619241952896118,
    1.8786333799362183,
    1.894134521484375,
    1.8312585353851318,
    1.8791393041610718,
    1.889571189880371,
    1.8382172584533691,
    1.791318655014038,
    1.8473865985870361,
    1.915045976638794,
    1.8056342601776123,
    1.820044755935669,
    1.8175568580627441,
    1.676949143409729,
    1.8382593393325806,
    1.7465217113494873,
    1.6983999013900757,
    1.660027265548706,
    1.8048957586288452,
    1.6390246152877808,
    1.5331002473831177,
    1.7048757076263428,
    1.7294152975082397,
    1.6146119832992554,
    1.6750184297561646,
    1.6041194200515747,
    1.7101283073425293,
    1.6502118110656738,
    1.5805270671844482,
    1.5450152158737183,
    1.5756808519363403,
    1.5214238166809082,
    1.599716305732727,
    1.4892984628677368,
    1.4945436716079712,
    1.4622470140457153,
    1.5578663349151611,
    1.5390686988830566,
    1.5276614427566528,
    1.581068992614746
  ],
  "accuracies": [
    0.140625,
    0.15625,
    0.171875,
    0.234375,
    0.140625,
    0.140625,
    0.109375,
    0.125,
    0.171875,
    0.203125,
    0.171875,
    0.1875,
    0.171875,
    0.140625,
    0.125,
    0.109375,
    0.140625,
    0.140625,
    0.140625,
    0.15625,
    0.140625,
    0.203125,
    0.25,
    0.1875,
    0.265625,
    0.15625,
    0.171875,
    0.21875,
    0.1875,
    0.296875,
    0.328125,
    0.359375,
    0.328125,
    0.296875,
    0.421875,
    0.4375,
    0.390625,
    0.359375,
    0.34375,
    0.28125,
    0.390625,
    0.296875,
    0.375,
    0.421875,
    0.421875,
    0.46875,
    0.484375,
    0.546875,
    0.515625,
    0.484375,
    0.4375,
    0.5,
    0.390625,
    0.484375,
    0.40625,
    0.421875,
    0.53125,
    0.453125,
    0.484375,
    0.4375,
    0.375,
    0.484375,
    0.5,
    0.53125,
    0.546875,
    0.46875,
    0.5,
    0.5625,
    0.4375,
    0.5,
    0.5,
    0.5,
    0.546875,
    0.53125,
    0.46875,
    0.515625,
    0.546875,
    0.515625,
    0.453125,
    0.5625,
    0.578125,
    0.546875,
    0.390625,
    0.578125,
    0.53125,
    0.53125,
    0.453125,
    0.484375,
    0.546875,
    0.625,
    0.53125,
    0.578125,
    0.5625,
    0.5,
    0.578125,
    0.578125,
    0.515625,
    0.578125,
    0.53125,
    0.5625
  ],
  "grad_norms": [
    0.3315756320953369,
    0.2385982871055603,
    0.2806444764137268,
    0.33235734701156616,
    0.30460885167121887,
    0.2888750433921814,
    0.33505553007125854,
    0.32522985339164734,
    0.27564018964767456,
    0.2527216374874115,
    0.3119766414165497,
    0.3128841817378998,
    0.2520625591278076,
    0.2710314393043518,
    0.28936225175857544,
    0.3944660425186157,
    0.3224312663078308,
    0.25852376222610474,
    0.29590409994125366,
    0.343872994184494,
    0.2803884446620941,
    0.3211907744407654,
    0.2993633449077606,
    0.38796988129615784,
    0.43018028140068054,
    0.3651466369628906,
    0.35700657963752747,
    0.35454219579696655,
    0.3105086088180542,
    0.3802412152290344,
    0.4273112714290619,
    0.41227734088897705,
    0.29391980171203613,
    0.39329829812049866,
    0.3923117518424988,
    0.4820674657821655,
    0.4044778645038605,
    0.3630295693874359,
    0.39810678362846375,
    0.45267537236213684,
    0.432172566652298,
    0.33927688002586365,
    0.3545396029949188,
    0.38211673498153687,
    0.40296027064323425,
    0.41442447900772095,
    0.38745084404945374,
    0.44014501571655273,
    0.43797776103019714,
    0.42473262548446655,
    0.4305952191352844,
    0.4787716269493103,
    0.4565582573413849,
    0.4040675461292267,
    0.4327262341976166,
    0.4089559018611908,
    0.46087804436683655,
    0.36761873960494995,
    0.45314428210258484,
    0.41070738434791565,
    0.487000972032547,
    0.47042232751846313,
    0.41363102197647095,
    0.5104389786720276,
    0.39951252937316895,
    0.44200146198272705,
    0.5577861666679382,
    0.39795196056365967,
    0.4234129786491394,
    0.47252342104911804,
    0.4485774338245392,
    0.46237629652023315,
    0.45773419737815857,
    0.5796845555305481,
    0.4666370749473572,
    0.4663982391357422,
    0.48804783821105957,
    0.44315028190612793,
    0.5061113238334656,
    0.5402699112892151,
    0.5006490349769592,
    0.4078543484210968,
    0.6191291213035583,
    0.4720010459423065,
    0.4321950674057007,
    0.4164966344833374,
    0.5902432799339294,
    0.5679301023483276,
    0.5214991569519043,
    0.632222056388855,
    0.5236513018608093,
    0.5664736032485962,
    0.5927436351776123,
    0.46322670578956604,
    0.5951181054115295,
    0.507568359375,
    0.395754873752594,
    0.5069815516471863,
    0.501064121723175,
    0.6627960205078125
  ],
  "val_steps": [
    21,
    22,
    23,
    24,
    25,
    26,
    27,
    28,
    29,
    30,
    31,
    32,
    33,
    34,
    35,
    36,
    37,
    38,
    39,
    40,
    41,
    42,
    43,
    44,
    45,
    46,
    47,
    48,
    49,
    50,
    51,
    52,
    53,
    54,
    55,
    56,
    57,
    58,
    59,
    60,
    61,
    62,
    63,
    64,
    65,
    66,
    67,
    68,
    69,
    70,
    71,
    72,
    73,
    74,
    75,
    76,
    77,
    78,
    79,
    80,
    81,
    82,
    83,
    84,
    85,
    86,
    87,
    88,
    89,
    90,
    91,
    92,
    93,
    94,
    95,
    96,
    97,
    98,
    99,
    100
  ],