{
  "final_trace_with_replacement": 0.00017061380527766333,
  "final_trace_without_replacement": 2.4509021930715787e-08,
  "model": "MLP-386",
  "n_runs": 4,
  "num_steps": 16,
  "pass": true,
  "without_over_with_trace_final": 0.00014365204439833508
}