{
  "drift_over_diffusion_prediction_final": 82.8340000000001,
  "eta": 0.02,
  "final_drift_induced_prediction_flat": 0.16766799999999993,
  "final_flat_variance": 0.17330565244648688,
  "final_pure_diffusion_prediction_flat": 0.0019999999999999966,
  "flat_variance_power_law_tail": 3.0043141672668603,
  "n_runs": 10000,
  "num_steps": 250,
  "pass": true
}