seed,gamma_estimate,gradient_batches
42,0.0007475169841200113,4
142,0.0007071931613609195,4
