batch,diag_fraction,offdiag_fraction,offdiag_diag_ratio,diag_mass,offdiag_mass
0,0.8757702112197876,0.12422977387905121,0.3766324818134308,375014.9375,53196.625
