{
  "corrected_error_slope": 3.111059301038597,
  "dim": 4,
  "final_improvement_standard_over_corrected": 4.2896359339572,
  "n_points": 256,
  "pass": true,
  "standard_error_slope": 1.947019697365687,
  "substeps": 96
}