{
  "stage_name": "stage2_gd",
  "stage_idx": 1,
  "steps": [
    1,
    2,
    3,
    4,
    5,
    6,
    7,
    8,
    9,
    10
  ],
  "losses": [
    3.12919545173645,
    3.1288883686065674,
    3.1285805702209473,
    3.128272533416748,
    3.127964496612549,
    3.1276557445526123,
    3.127346992492676,
    3.12703800201416,
    3.1267287731170654,
    3.1264188289642334
  ],
  "accuracies": [
    0.23422983288764954,
    0.23419024050235748,
    0.23424303531646729,
    0.23421664535999298,
    0.23430901765823364,
    0.23446737229824066,
    0.23449377715587616,
    0.23454655706882477,
    0.2353515625,
    0.2354043424129486
  ],
  "grad_norms": [
    0.5543907880783081,
    0.5546481013298035,
    0.5548990964889526,
    0.555152177810669,
    0.5554000735282898,
    0.5556489825248718,
    0.5558943152427673,
    0.5561322569847107,
    0.5563719272613525,
    0.5566078424453735
  ],
  "val_steps": [
    6,
    7,
    8,
    9,
    10
  ],
  "val_losses": [
    3.125640392303467,
    3.125640392303467,
    3.125640392303467,
    3.125640392303467,
    3.125640392303467
  ],
  "val_accuracies": [
    0.23727562526861826,
    0.23727562526861826,
    0.23727562526861826,
    0.23727562526861826,
    0.23727562526861826
  ],
  "train_eval_losses": [
    3.1276557445526123,
    3.1276557445526123,
    3.1276557445526123,
    3.1276557445526123,
    3.1276557445526123
  ],
  "train_eval_accs": [
    0.23446737229824066,
    0.23446737229824066,
    0.23446737229824066,
    0.23446737229824066,
    0.23446737229824066
  ]
}