{
  "stage_name": "stage3_sgd",
  "stage_idx": 2,
  "steps": [
    1,
    2,
    3,
    4,
    5,
    6,
    7,
    8,
    9,
    10,
    11,
    12,
    13,
    14,
    15,
    16,
    17,
    18,
    19,
    20,
    21,
    22,
    23,
    24,
    25,
    26,
    27,
    28,
    29,
    30,
    31,
    32,
    33,
    34,
    35,
    36,
    37,
    38,
    39,
    40,
    41,
    42,
    43,
    44,
    45,
    46,
    47,
    48,
    49,
    50
  ],
  "losses": [
    3.1281638145446777,
    3.122157573699951,
    3.124319553375244,
    3.1141703128814697,
    3.1157336235046387,
    3.110938310623169,
    3.1025023460388184,
    3.096790075302124,
    3.0973458290100098,
    3.0932469367980957,
    3.085322856903076,
    3.09271240234375,
    3.079970121383667,
    3.081355094909668,
    3.07999587059021,
    3.0848488807678223,
    3.0890538692474365,
    3.067617416381836,
    3.0638840198516846,
    3.061950922012329,
    3.0777127742767334,
    3.0645205974578857,
    3.0517544746398926,
    3.0493712425231934,
    3.0498945713043213,
    3.0547561645507812,
    3.039788007736206,
    3.037881851196289,
    3.0423264503479004,
    3.0319464206695557,
    3.0316643714904785,
    3.0291898250579834,
    3.027979850769043,
    3.015630006790161,
    3.0170021057128906,
    3.0173115730285645,
    2.9980833530426025,
    3.032909870147705,
    3.0164716243743896,
    3.0132408142089844,
    3.0091586112976074,
    2.9899518489837646,
    2.988262176513672,
    2.9922285079956055,
    2.997500419616699,
    3.003485679626465,
    2.9819493293762207,
    2.9846041202545166,
    2.9717633724212646,
    2.966719627380371
  ],
  "accuracies": [
    0.228515625,
    0.24609375,
    0.236328125,
    0.24609375,
    0.240234375,
    0.2421875,
    0.244140625,
    0.24609375,
    0.234375,
    0.248046875,
    0.240234375,
    0.23828125,
    0.234375,
    0.228515625,
    0.236328125,
    0.2265625,
    0.20703125,
    0.2265625,
    0.248046875,
    0.24609375,
    0.216796875,
    0.224609375,
    0.24609375,
    0.259765625,
    0.2421875,
    0.220703125,
    0.248046875,
    0.234375,
    0.224609375,
    0.232421875,
    0.244140625,
    0.240234375,
    0.236328125,
    0.25,
    0.23046875,
    0.232421875,
    0.2421875,
    0.212890625,
    0.22265625,
    0.224609375,
    0.228515625,
    0.248046875,
    0.232421875,
    0.234375,
    0.23046875,
    0.224609375,
    0.24609375,
    0.232421875,
    0.248046875,
    0.236328125
  ],
  "grad_norms": [
    0.6247398257255554,
    0.5979433059692383,
    0.598031222820282,
    0.6051620244979858,
    0.5903947353363037,
    0.6046863794326782,
    0.5978342890739441,
    0.5972567200660706,
    0.5887019038200378,
    0.6177841424942017,
    0.6311165690422058,
    0.6004114151000977,
    0.6128985285758972,
    0.5846562385559082,
    0.60687255859375,
    0.5578346252441406,
    0.5352771282196045,
    0.5822740793228149,
    0.6170405745506287,
    0.6138080358505249,
    0.5300858020782471,
    0.5619224905967712,
    0.6054369211196899,
    0.6517423987388611,
    0.588089108467102,
    0.550847053527832,
    0.6026098728179932,
    0.5808835029602051,
    0.569021463394165,
    0.5721911191940308,
    0.6035565733909607,
    0.5789955258369446,
    0.5756927728652954,
    0.5949288010597229,
    0.5617631077766418,
    0.5585082769393921,
    0.5913096070289612,
    0.49873340129852295,
    0.5424161553382874,
    0.5298108458518982,
    0.5363244414329529,
    0.5798088312149048,
    0.5660352110862732,
    0.5453767776489258,
    0.5210920572280884,
    0.5160714387893677,
    0.5546004772186279,
    0.5222424268722534,
    0.5478171110153198,
    0.5501948595046997
  ],
  "val_steps": [
    26,
    27,
    28,
    29,
    30,
    31,
    32,
    33,
    34,
    35,
    36,
    37,
    38,
    39,
    40,
    41,
    42,
    43,
    44,
    45,
    46,
    47,
    48,
    49,
    50
  ],
  "val_losses": [
    3.0411124229431152,
    3.0411124229431152,
    3.0411124229431152,
    3.0411124229431152,
    3.0411124229431152,
    3.0411124229431152,
    3.0411124229431152,
    3.0411124229431152,
    3.0411124229431152,
    3.0411124229431152,
    3.0411124229431152,
    3.0411124229431152,
    3.0411124229431152,
    3.0411124229431152,
    3.0411124229431152,
    3.0411124229431152,
    3.0411124229431152,
    3.0411124229431152,
    3.0411124229431152,
    3.0411124229431152,
    3.0411124229431152,
    3.0411124229431152,
    3.0411124229431152,
    3.0411124229431152,
    3.0411124229431152
  ],
  "val_accuracies": [
    0.24143182734648386,
    0.24143182734648386,
    0.24143182734648386,
    0.24143182734648386,
    0.24143182734648386,
    0.24143182734648386,
    0.24143182734648386,
    0.24143182734648386,
    0.24143182734648386,
    0.24143182734648386,
    0.24143182734648386,
    0.24143182734648386,
    0.24143182734648386,
    0.24143182734648386,
    0.24143182734648386,
    0.24143182734648386,
    0.24143182734648386,
    0.24143182734648386,
    0.24143182734648386,
    0.24143182734648386,
    0.24143182734648386,
    0.24143182734648386,
    0.24143182734648386,
    0.24143182734648386,
    0.24143182734648386
  ],
  "train_eval_losses": [
    3.045915685795449,
    3.045915685795449,
    3.045915685795449,
    3.045915685795449,
    3.045915685795449,
    3.045915685795449,
    3.045915685795449,
    3.045915685795449,
    3.045915685795449,
    3.045915685795449,
    3.045915685795449,
    3.045915685795449,
    3.045915685795449,
    3.045915685795449,
    3.045915685795449,
    3.045915685795449,
    3.045915685795449,
    3.045915685795449,
    3.045915685795449,
    3.045915685795449,
    3.045915685795449,
    3.045915685795449,
    3.045915685795449,
    3.045915685795449,
    3.045915685795449
  ],
  "train_eval_accs": [
    0.23611697635135134,
    0.23611697635135134,
    0.23611697635135134,
    0.23611697635135134,
    0.23611697635135134,
    0.23611697635135134,
    0.23611697635135134,
    0.23611697635135134,
    0.23611697635135134,
    0.23611697635135134,
    0.23611697635135134,
    0.23611697635135134,
    0.23611697635135134,
    0.23611697635135134,
    0.23611697635135134,
    0.23611697635135134,
    0.23611697635135134,
    0.23611697635135134,
    0.23611697635135134,
    0.23611697635135134,
    0.23611697635135134,
    0.23611697635135134,
    0.23611697635135134,
    0.23611697635135134,
    0.23611697635135134
  ]
}