{
  "stage_name": "stage1_sgd",
  "stage_idx": 0,
  "steps": [
    1,
    2,
    3,
    4,
    5,
    6,
    7,
    8,
    9,
    10,
    11,
    12,
    13,
    14,
    15,
    16,
    17,
    18,
    19,
    20,
    21,
    22,
    23,
    24,
    25,
    26,
    27,
    28,
    29,
    30,
    31,
    32,
    33,
    34,
    35,
    36,
    37,
    38,
    39,
    40,
    41,
    42,
    43,
    44,
    45,
    46,
    47,
    48,
    49,
    50
  ],
  "losses": [
    3.2269773483276367,
    3.224079132080078,
    3.2248263359069824,
    3.220806121826172,
    3.220097541809082,
    3.2200934886932373,
    3.2129321098327637,
    3.211979389190674,
    3.2102746963500977,
    3.2120635509490967,
    3.210289239883423,
    3.2151029109954834,
    3.2065155506134033,
    3.2067408561706543,
    3.2078683376312256,
    3.204014301300049,
    3.2041101455688477,
    3.198019027709961,
    3.2016830444335938,
    3.201489210128784,
    3.201266050338745,
    3.1965763568878174,
    3.1958730220794678,
    3.202380418777466,
    3.1931114196777344,
    3.1899423599243164,
    3.190296173095703,
    3.1862595081329346,
    3.1894636154174805,
    3.1811296939849854,
    3.184356212615967,
    3.180185317993164,
    3.1816437244415283,
    3.176774501800537,
    3.169766902923584,
    3.169516086578369,
    3.1629769802093506,
    3.1709728240966797,
    3.1642768383026123,
    3.1588125228881836,
    3.1606719493865967,
    3.1534829139709473,
    3.1488139629364014,
    3.148583173751831,
    3.1462955474853516,
    3.1467039585113525,
    3.1445794105529785,
    3.136470079421997,
    3.131185531616211,
    3.1255221366882324
  ],
  "accuracies": [
    0.0390625,
    0.037109375,
    0.037109375,
    0.05859375,
    0.02734375,
    0.064453125,
    0.048828125,
    0.056640625,
    0.048828125,
    0.0390625,
    0.06640625,
    0.037109375,
    0.060546875,
    0.0546875,
    0.052734375,
    0.056640625,
    0.048828125,
    0.0703125,
    0.052734375,
    0.0703125,
    0.0703125,
    0.09375,
    0.111328125,
    0.07421875,
    0.115234375,
    0.12890625,
    0.12109375,
    0.134765625,
    0.150390625,
    0.14453125,
    0.134765625,
    0.166015625,
    0.171875,
    0.197265625,
    0.201171875,
    0.224609375,
    0.240234375,
    0.193359375,
    0.205078125,
    0.224609375,
    0.205078125,
    0.23046875,
    0.216796875,
    0.21484375,
    0.224609375,
    0.216796875,
    0.21875,
    0.236328125,
    0.25,
    0.232421875
  ],
  "grad_norms": [
    0.37831827998161316,
    0.37524935603141785,
    0.36750346422195435,
    0.39444443583488464,
    0.3497005105018616,
    0.3761366009712219,
    0.36986273527145386,
    0.39067164063453674,
    0.37899717688560486,
    0.3748281002044678,
    0.3934091627597809,
    0.39192748069763184,
    0.4092033803462982,
    0.4015657901763916,
    0.40483561158180237,
    0.38379770517349243,
    0.37394702434539795,
    0.4106372594833374,
    0.4189215302467346,
    0.4175683856010437,
    0.393269807100296,
    0.43193507194519043,
    0.4385770559310913,
    0.4595799148082733,
    0.45493176579475403,
    0.43897294998168945,
    0.4744574725627899,
    0.4542919397354126,
    0.471757709980011,
    0.4846683740615845,
    0.48335859179496765,
    0.4912117123603821,
    0.48923757672309875,
    0.5232369303703308,
    0.49938735365867615,
    0.5031590461730957,
    0.5590075850486755,
    0.4778966009616852,
    0.5175076127052307,
    0.5101572275161743,
    0.5237003564834595,
    0.5638555884361267,
    0.58432936668396,
    0.5590941309928894,
    0.5457878708839417,
    0.5341587662696838,
    0.608838677406311,
    0.5593568086624146,
    0.5917901992797852,
    0.5907158851623535
  ],
  "val_steps": [
    26,
    27,
    28,
    29,
    30,
    31,
    32,
    33,
    34,
    35,
    36,
    37,
    38,
    39,
    40,
    41,
    42,
    43,
    44,
    45,
    46,
    47,
    48,
    49,
    50
  ],
  "val_losses": [
    3.1906773249308267,
    3.1906773249308267,
    3.1906773249308267,
    3.1906773249308267,
    3.1906773249308267,
    3.1906773249308267,
    3.1906773249308267,
    3.1906773249308267,
    3.1906773249308267,
    3.1906773249308267,
    3.1906773249308267,
    3.1906773249308267,
    3.1906773249308267,
    3.1906773249308267,
    3.1906773249308267,
    3.1906773249308267,
    3.1906773249308267,
    3.1906773249308267,
    3.1906773249308267,
    3.1906773249308267,
    3.1906773249308267,
    3.1906773249308267,
    3.1906773249308267,
    3.1906773249308267,
    3.1906773249308267
  ],
  "val_accuracies": [
    0.1257963627576828,
    0.1257963627576828,
    0.1257963627576828,
    0.1257963627576828,
    0.1257963627576828,
    0.1257963627576828,
    0.1257963627576828,
    0.1257963627576828,
    0.1257963627576828,
    0.1257963627576828,
    0.1257963627576828,
    0.1257963627576828,
    0.1257963627576828,
    0.1257963627576828,
    0.1257963627576828,
    0.1257963627576828,
    0.1257963627576828,
    0.1257963627576828,
    0.1257963627576828,
    0.1257963627576828,
    0.1257963627576828,
    0.1257963627576828,
    0.1257963627576828,
    0.1257963627576828,
    0.1257963627576828
  ],
  "train_eval_losses": [
    3.1903036172325545,
    3.1903036172325545,
    3.1903036172325545,
    3.1903036172325545,
    3.1903036172325545,
    3.1903036172325545,
    3.1903036172325545,
    3.1903036172325545,
    3.1903036172325545,
    3.1903036172325545,
    3.1903036172325545,
    3.1903036172325545,
    3.1903036172325545,
    3.1903036172325545,
    3.1903036172325545,
    3.1903036172325545,
    3.1903036172325545,
    3.1903036172325545,
    3.1903036172325545,
    3.1903036172325545,
    3.1903036172325545,
    3.1903036172325545,
    3.1903036172325545,
    3.1903036172325545,
    3.1903036172325545
  ],
  "train_eval_accs": [
    0.12016997466216216,
    0.12016997466216216,
    0.12016997466216216,
    0.12016997466216216,
    0.12016997466216216,
    0.12016997466216216,
    0.12016997466216216,
    0.12016997466216216,
    0.12016997466216216,
    0.12016997466216216,
    0.12016997466216216,
    0.12016997466216216,
    0.12016997466216216,
    0.12016997466216216,
    0.12016997466216216,
    0.12016997466216216,
    0.12016997466216216,
    0.12016997466216216,
    0.12016997466216216,
    0.12016997466216216,
    0.12016997466216216,
    0.12016997466216216,
    0.12016997466216216,
    0.12016997466216216,
    0.12016997466216216
  ]
}