{"steps_per_epoch": 85, "total_steps": 10, "sgd_train_losses": [2.2993836735570152, 2.266234794328379, 2.2219846941703976, 2.140022031096525, 2.039819592653319, 1.9544568907382875, 1.871052457842716, 1.788149519022121, 1.7249541989592618, 1.6662886017976806], "gd_train_losses": [1.6294814348220825, 1.6198612451553345, 1.6156491041183472, 1.6131099462509155, 1.6112650632858276, 1.6098110675811768, 1.6086066961288452, 1.6075726747512817, 1.606658697128296, 1.6058311462402344], "current_sgd_step_losses": [1.5205450057983398, 1.6228458881378174, 1.5425045490264893, 1.5463182926177979, 1.542549967765808, 1.609038233757019, 1.6053297519683838, 1.6555848121643066, 1.717692255973816, 1.4422739744186401], "current_sgd_epochified_losses": [1.5804682731628419], "combined_train_losses": [2.2993836735570152, 2.266234794328379, 2.2219846941703976, 2.140022031096525, 2.039819592653319, 1.9544568907382875, 1.871052457842716, 1.788149519022121, 1.7249541989592618, 1.6662886017976806, 1.6294814348220825, 1.6198612451553345, 1.6156491041183472, 1.6131099462509155, 1.6112650632858276, 1.6098110675811768, 1.6086066961288452, 1.6075726747512817, 1.606658697128296, 1.6058311462402344, 1.5804682731628419]}