{
  "stage_name": "stage3_sgd",
  "stage_idx": 2,
  "steps": [
    1,
    2,
    3,
    4,
    5,
    6,
    7,
    8,
    9,
    10,
    11,
    12,
    13,
    14,
    15,
    16,
    17,
    18,
    19,
    20,
    21,
    22,
    23,
    24,
    25,
    26,
    27,
    28,
    29,
    30,
    31,
    32,
    33,
    34,
    35,
    36,
    37,
    38,
    39,
    40,
    41,
    42,
    43,
    44,
    45,
    46,
    47,
    48,
    49,
    50
  ],
  "losses": [
    3.1777498722076416,
    3.181521415710449,
    3.176278829574585,
    3.1764068603515625,
    3.172410249710083,
    3.175333261489868,
    3.1618733406066895,
    3.1659576892852783,
    3.162201404571533,
    3.1667330265045166,
    3.162674903869629,
    3.15312123298645,
    3.1682941913604736,
    3.152238368988037,
    3.151695489883423,
    3.1429967880249023,
    3.139352321624756,
    3.142754554748535,
    3.1418776512145996,
    3.1500232219696045,
    3.138589382171631,
    3.1270852088928223,
    3.1301677227020264,
    3.1392858028411865,
    3.1281909942626953,
    3.125896692276001,
    3.1125235557556152,
    3.1137583255767822,
    3.1099343299865723,
    3.1039254665374756,
    3.107356548309326,
    3.0987801551818848,
    3.0892958641052246,
    3.085972309112549,
    3.0967729091644287,
    3.091980218887329,
    3.0871341228485107,
    3.0775673389434814,
    3.1061694622039795,
    3.0768845081329346,
    3.076977491378784,
    3.0746335983276367,
    3.0557994842529297,
    3.072650671005249,
    3.0643019676208496,
    3.0626919269561768,
    3.0440638065338135,
    3.065457344055176,
    3.064159393310547,
    3.037733793258667
  ],
  "accuracies": [
    0.18359375,
    0.177734375,
    0.19140625,
    0.208984375,
    0.2109375,
    0.193359375,
    0.23046875,
    0.203125,
    0.212890625,
    0.220703125,
    0.203125,
    0.228515625,
    0.189453125,
    0.2265625,
    0.212890625,
    0.21875,
    0.2421875,
    0.232421875,
    0.22265625,
    0.216796875,
    0.2109375,
    0.2265625,
    0.232421875,
    0.2109375,
    0.22265625,
    0.244140625,
    0.24609375,
    0.240234375,
    0.2421875,
    0.25390625,
    0.232421875,
    0.244140625,
    0.259765625,
    0.2578125,
    0.23046875,
    0.24609375,
    0.2421875,
    0.248046875,
    0.21484375,
    0.24609375,
    0.234375,
    0.2265625,
    0.255859375,
    0.228515625,
    0.236328125,
    0.228515625,
    0.2578125,
    0.22265625,
    0.224609375,
    0.25
  ],
  "grad_norms": [
    0.4541011452674866,
    0.42857301235198975,
    0.46539363265037537,
    0.4957759976387024,
    0.4883076846599579,
    0.4641578495502472,
    0.5117347836494446,
    0.516792356967926,
    0.48581674695014954,
    0.4785630702972412,
    0.5218123197555542,
    0.5244727730751038,
    0.4856560230255127,
    0.5194111466407776,
    0.5062699317932129,
    0.5335037112236023,
    0.6066710352897644,
    0.5551249384880066,
    0.5438604950904846,
    0.5323229432106018,
    0.5401929020881653,
    0.5800932049751282,
    0.5959994196891785,
    0.536145031452179,
    0.5431144833564758,
    0.5490725636482239,
    0.5996977686882019,
    0.6171291470527649,
    0.6001158952713013,
    0.6107033491134644,
    0.5787906646728516,
    0.6071143746376038,
    0.6177066564559937,
    0.6143934726715088,
    0.5748350620269775,
    0.6039319634437561,
    0.584175705909729,
    0.6545872688293457,
    0.5329696536064148,
    0.6087695360183716,
    0.5922562479972839,
    0.5810250043869019,
    0.6488163471221924,
    0.5665174722671509,
    0.6007431745529175,
    0.5777299404144287,
    0.6970192193984985,
    0.5881008505821228,
    0.5733974575996399,
    0.6255691051483154
  ],
  "val_steps": [
    26,
    27,
    28,
    29,
    30,
    31,
    32,
    33,
    34,
    35,
    36,
    37,
    38,
    39,
    40,
    41,
    42,
    43,
    44,
    45,
    46,
    47,
    48,
    49,
    50
  ],
  "val_losses": [
    3.1175477504730225,
    3.1175477504730225,
    3.1175477504730225,
    3.1175477504730225,
    3.1175477504730225,
    3.1175477504730225,
    3.1175477504730225,
    3.1175477504730225,
    3.1175477504730225,
    3.1175477504730225,
    3.1175477504730225,
    3.1175477504730225,
    3.1175477504730225,
    3.1175477504730225,
    3.1175477504730225,
    3.1175477504730225,
    3.1175477504730225,
    3.1175477504730225,
    3.1175477504730225,
    3.1175477504730225,
    3.1175477504730225,
    3.1175477504730225,
    3.1175477504730225,
    3.1175477504730225,
    3.1175477504730225
  ],
  "val_accuracies": [
    0.24247814218203226,
    0.24247814218203226,
    0.24247814218203226,
    0.24247814218203226,
    0.24247814218203226,
    0.24247814218203226,
    0.24247814218203226,
    0.24247814218203226,
    0.24247814218203226,
    0.24247814218203226,
    0.24247814218203226,
    0.24247814218203226,
    0.24247814218203226,
    0.24247814218203226,
    0.24247814218203226,
    0.24247814218203226,
    0.24247814218203226,
    0.24247814218203226,
    0.24247814218203226,
    0.24247814218203226,
    0.24247814218203226,
    0.24247814218203226,
    0.24247814218203226,
    0.24247814218203226,
    0.24247814218203226
  ],
  "train_eval_losses": [
    3.1223074004456803,
    3.1223074004456803,
    3.1223074004456803,
    3.1223074004456803,
    3.1223074004456803,
    3.1223074004456803,
    3.1223074004456803,
    3.1223074004456803,
    3.1223074004456803,
    3.1223074004456803,
    3.1223074004456803,
    3.1223074004456803,
    3.1223074004456803,
    3.1223074004456803,
    3.1223074004456803,
    3.1223074004456803,
    3.1223074004456803,
    3.1223074004456803,
    3.1223074004456803,
    3.1223074004456803,
    3.1223074004456803,
    3.1223074004456803,
    3.1223074004456803,
    3.1223074004456803,
    3.1223074004456803
  ],
  "train_eval_accs": [
    0.2336623733108108,
    0.2336623733108108,
    0.2336623733108108,
    0.2336623733108108,
    0.2336623733108108,
    0.2336623733108108,
    0.2336623733108108,
    0.2336623733108108,
    0.2336623733108108,
    0.2336623733108108,
    0.2336623733108108,
    0.2336623733108108,
    0.2336623733108108,
    0.2336623733108108,
    0.2336623733108108,
    0.2336623733108108,
    0.2336623733108108,
    0.2336623733108108,
    0.2336623733108108,
    0.2336623733108108,
    0.2336623733108108,
    0.2336623733108108,
    0.2336623733108108,
    0.2336623733108108,
    0.2336623733108108
  ]
}