{
  "stage_name": "stage1_sgd",
  "stage_idx": 0,
  "steps": [
    1,
    2,
    3,
    4,
    5,
    6,
    7,
    8,
    9,
    10,
    11,
    12,
    13,
    14,
    15,
    16,
    17,
    18,
    19,
    20,
    21,
    22,
    23,
    24,
    25,
    26,
    27,
    28,
    29,
    30,
    31,
    32,
    33,
    34,
    35,
    36,
    37,
    38,
    39,
    40,
    41,
    42,
    43,
    44,
    45,
    46,
    47,
    48,
    49,
    50
  ],
  "losses": [
    3.2208118438720703,
    3.223336696624756,
    3.224463701248169,
    3.225637197494507,
    3.2245521545410156,
    3.2237706184387207,
    3.2188162803649902,
    3.2185606956481934,
    3.2171809673309326,
    3.2198948860168457,
    3.219684600830078,
    3.2151405811309814,
    3.2207837104797363,
    3.214972972869873,
    3.21411395072937,
    3.211439609527588,
    3.2158541679382324,
    3.2127792835235596,
    3.2162022590637207,
    3.218352794647217,
    3.212815046310425,
    3.210488796234131,
    3.2144670486450195,
    3.212592840194702,
    3.208698272705078,
    3.2099387645721436,
    3.202709913253784,
    3.210411548614502,
    3.2080302238464355,
    3.204878091812134,
    3.2039272785186768,
    3.2053425312042236,
    3.2002525329589844,
    3.19844388961792,
    3.202439785003662,
    3.198875904083252,
    3.197089433670044,
    3.1953344345092773,
    3.2027480602264404,
    3.19791316986084,
    3.1958799362182617,
    3.191938877105713,
    3.191368818283081,
    3.192282199859619,
    3.191950798034668,
    3.1869118213653564,
    3.188789129257202,
    3.188401699066162,
    3.190347909927368,
    3.1822245121002197
  ],
  "accuracies": [
    0.033203125,
    0.0390625,
    0.04296875,
    0.0234375,
    0.033203125,
    0.029296875,
    0.041015625,
    0.0390625,
    0.03515625,
    0.041015625,
    0.017578125,
    0.041015625,
    0.0234375,
    0.0390625,
    0.048828125,
    0.033203125,
    0.02734375,
    0.05078125,
    0.04296875,
    0.046875,
    0.041015625,
    0.04296875,
    0.04296875,
    0.060546875,
    0.068359375,
    0.06640625,
    0.09765625,
    0.05859375,
    0.0703125,
    0.07421875,
    0.107421875,
    0.099609375,
    0.123046875,
    0.09765625,
    0.09765625,
    0.125,
    0.12109375,
    0.140625,
    0.09765625,
    0.12109375,
    0.126953125,
    0.134765625,
    0.140625,
    0.150390625,
    0.15625,
    0.16796875,
    0.169921875,
    0.1640625,
    0.14453125,
    0.193359375
  ],
  "grad_norms": [
    0.30376550555229187,
    0.2851175367832184,
    0.3109481930732727,
    0.31276512145996094,
    0.32361534237861633,
    0.27861928939819336,
    0.33907222747802734,
    0.29038169980049133,
    0.31394943594932556,
    0.26728764176368713,
    0.2878826856613159,
    0.3323131799697876,
    0.25884419679641724,
    0.31682267785072327,
    0.29625368118286133,
    0.3104783594608307,
    0.3118392825126648,
    0.2963309586048126,
    0.3266213834285736,
    0.28327178955078125,
    0.31307312846183777,
    0.34369325637817383,
    0.3089182376861572,
    0.28247758746147156,
    0.31669294834136963,
    0.307142049074173,
    0.3452976644039154,
    0.34281954169273376,
    0.3439094126224518,
    0.33787402510643005,
    0.34587183594703674,
    0.3433745205402374,
    0.3807278871536255,
    0.38069406151771545,
    0.36466577649116516,
    0.3631054162979126,
    0.38882458209991455,
    0.39658451080322266,
    0.3309065103530884,
    0.3996679484844208,
    0.37552544474601746,
    0.39740124344825745,
    0.4360922873020172,
    0.4074048399925232,
    0.41417890787124634,
    0.432643324136734,
    0.4509161710739136,
    0.4083144962787628,
    0.4167580306529999,
    0.4696543216705322
  ],
  "val_steps": [
    26,
    27,
    28,
    29,
    30,
    31,
    32,
    33,
    34,
    35,
    36,
    37,
    38,
    39,
    40,
    41,
    42,
    43,
    44,
    45,
    46,
    47,
    48,
    49,
    50
  ],
  "val_losses": [
    3.208773612976074,
    3.208773612976074,
    3.208773612976074,
    3.208773612976074,
    3.208773612976074,
    3.208773612976074,
    3.208773612976074,
    3.208773612976074,
    3.208773612976074,
    3.208773612976074,
    3.208773612976074,
    3.208773612976074,
    3.208773612976074,
    3.208773612976074,
    3.208773612976074,
    3.208773612976074,
    3.208773612976074,
    3.208773612976074,
    3.208773612976074,
    3.208773612976074,
    3.208773612976074,
    3.208773612976074,
    3.208773612976074,
    3.208773612976074,
    3.208773612976074
  ],
  "val_accuracies": [
    0.060145786652962364,
    0.060145786652962364,
    0.060145786652962364,
    0.060145786652962364,
    0.060145786652962364,
    0.060145786652962364,
    0.060145786652962364,
    0.060145786652962364,
    0.060145786652962364,
    0.060145786652962364,
    0.060145786652962364,
    0.060145786652962364,
    0.060145786652962364,
    0.060145786652962364,
    0.060145786652962364,
    0.060145786652962364,
    0.060145786652962364,
    0.060145786652962364,
    0.060145786652962364,
    0.060145786652962364,
    0.060145786652962364,
    0.060145786652962364,
    0.060145786652962364,
    0.060145786652962364,
    0.060145786652962364
  ],
  "train_eval_losses": [
    3.209067254453092,
    3.209067254453092,
    3.209067254453092,
    3.209067254453092,
    3.209067254453092,
    3.209067254453092,
    3.209067254453092,
    3.209067254453092,
    3.209067254453092,
    3.209067254453092,
    3.209067254453092,
    3.209067254453092,
    3.209067254453092,
    3.209067254453092,
    3.209067254453092,
    3.209067254453092,
    3.209067254453092,
    3.209067254453092,
    3.209067254453092,
    3.209067254453092,
    3.209067254453092,
    3.209067254453092,
    3.209067254453092,
    3.209067254453092,
    3.209067254453092
  ],
  "train_eval_accs": [
    0.0615234375,
    0.0615234375,
    0.0615234375,
    0.0615234375,
    0.0615234375,
    0.0615234375,
    0.0615234375,
    0.0615234375,
    0.0615234375,
    0.0615234375,
    0.0615234375,
    0.0615234375,
    0.0615234375,
    0.0615234375,
    0.0615234375,
    0.0615234375,
    0.0615234375,
    0.0615234375,
    0.0615234375,
    0.0615234375,
    0.0615234375,
    0.0615234375,
    0.0615234375,
    0.0615234375,
    0.0615234375
  ]
}