seed,gamma_estimate,gradient_batches
44,0.003938763402402401,32
144,0.00424983212724328,32
244,0.003745213383808732,32
