{
  "fit_improvement": -0.0005049435163123738,
  "modified_langevin_final_loss_ci95_high": 2.3125940455702456,
  "modified_langevin_final_loss_ci95_low": 2.3108786450120298,
  "modified_langevin_final_loss_mean": 2.3117363452911377,
  "modified_langevin_final_loss_std": 0.0010719020592130462,
  "modified_langevin_final_mean_path_error_to_sgd": 0.003579090116545558,
  "modified_langevin_final_variance": 8.197938768716995e-06,
  "pass": false,
  "reference_full_gradient_norm": 0.09726947546005249,
  "sgd_replacement_final_loss_ci95_high": 2.3118477424995305,
  "sgd_replacement_final_loss_ci95_low": 2.3095128773633435,
  "sgd_replacement_final_loss_mean": 2.310680309931437,
  "sgd_replacement_final_loss_std": 0.0014589867861917376,
  "sgd_replacement_final_mean_path_error_to_sgd": 0.0,
  "sgd_replacement_final_variance": 6.846199084975524e-06,
  "standard_langevin_final_loss_ci95_high": 2.3121512605144705,
  "standard_langevin_final_loss_ci95_low": 2.3105791535582023,
  "standard_langevin_final_loss_mean": 2.3113652070363364,
  "standard_langevin_final_loss_std": 0.0009823622101879565,
  "standard_langevin_final_mean_path_error_to_sgd": 0.0034869264345616102,
  "standard_langevin_final_variance": 1.0254773769702297e-05,
  "wasserstein_modified_to_sgd": 0.0013209496197911599,
  "wasserstein_standard_to_sgd": 0.0008160061034787861
}