{
  "stage_name": "stage1_sgd",
  "stage_idx": 0,
  "steps": [
    1,
    2,
    3,
    4,
    5,
    6,
    7,
    8,
    9,
    10,
    11,
    12,
    13,
    14,
    15,
    16,
    17,
    18,
    19,
    20,
    21,
    22,
    23,
    24,
    25,
    26,
    27,
    28,
    29,
    30,
    31,
    32,
    33,
    34,
    35,
    36,
    37,
    38,
    39,
    40,
    41,
    42,
    43,
    44,
    45,
    46,
    47,
    48,
    49,
    50,
    51,
    52,
    53,
    54,
    55,
    56,
    57,
    58,
    59,
    60,
    61,
    62,
    63,
    64,
    65,
    66,
    67,
    68,
    69,
    70,
    71,
    72,
    73,
    74,
    75,
    76,
    77,
    78,
    79,
    80,
    81,
    82,
    83,
    84,
    85,
    86,
    87,
    88,
    89,
    90,
    91,
    92,
    93,
    94,
    95,
    96,
    97,
    98,
    99,
    100
  ],
  "losses": [
    2.4039361476898193,
    2.3365676403045654,
    2.3604025840759277,
    2.284404993057251,
    2.323521852493286,
    2.3476529121398926,
    2.3121700286865234,
    2.2965505123138428,
    2.3218767642974854,
    2.288386344909668,
    2.294600009918213,
    2.2571020126342773,
    2.317429542541504,
    2.2824316024780273,
    2.291274070739746,
    2.2843141555786133,
    2.2961370944976807,
    2.30417537689209,
    2.281005859375,
    2.253732204437256,
    2.2749860286712646,
    2.2678990364074707,
    2.270233154296875,
    2.2333850860595703,
    2.2246057987213135,
    2.2454497814178467,
    2.280740976333618,
    2.2746758460998535,
    2.2563116550445557,
    2.2254252433776855,
    2.2417335510253906,
    2.218705654144287,
    2.2361221313476562,
    2.2200276851654053,
    2.2210538387298584,
    2.1526410579681396,
    2.1891775131225586,
    2.2229440212249756,
    2.205327272415161,
    2.23447847366333,
    2.1993908882141113,
    2.179574728012085,
    2.16903018951416,
    2.199672222137451,
    2.151232957839966,
    2.2111852169036865,
    2.197042465209961,
    2.1735150814056396,
    2.160398483276367,
    2.1537046432495117,
    2.098762035369873,
    2.108506679534912,
    2.119900703430176,
    2.1076197624206543,
    2.154633045196533,
    2.160468578338623,
    2.0577919483184814,
    2.1252269744873047,
    2.079051971435547,
    2.103259325027466,
    2.070958375930786,
    2.0983400344848633,
    2.0533013343811035,
    2.0545144081115723,
    2.0921895503997803,
    2.078855514526367,
    2.0803611278533936,
    2.0059010982513428,
    2.0600996017456055,
    2.0681352615356445,
    1.996643304824829,
    2.0081920623779297,
    1.993397831916809,
    1.9053276777267456,
    2.05171275138855,
    1.92508864402771,
    1.898453950881958,
    1.9005054235458374,
    2.004551410675049,
    1.9486026763916016,
    1.8355704545974731,
    1.9794472455978394,
    1.9181312322616577,
    1.88109290599823,
    1.9438040256500244,
    1.8513290882110596,
    2.0385284423828125,
    1.903195858001709,
    1.8330439329147339,
    1.857651948928833,
    1.7905113697052002,
    1.800262451171875,
    1.7562599182128906,
    1.7297974824905396,
    1.8014559745788574,
    1.7217941284179688,
    1.766619324684143,
    1.7277674674987793,
    1.7864153385162354,
    1.751584529876709
  ],
  "accuracies": [
    0.03125,
    0.109375,
    0.078125,
    0.0625,
    0.15625,
    0.09375,
    0.046875,
    0.171875,
    0.109375,
    0.125,
    0.109375,
    0.125,
    0.09375,
    0.125,
    0.109375,
    0.140625,
    0.109375,
    0.0625,
    0.140625,
    0.140625,
    0.109375,
    0.109375,
    0.09375,
    0.25,
    0.171875,
    0.125,
    0.109375,
    0.109375,
    0.109375,
    0.140625,
    0.140625,
    0.171875,
    0.109375,
    0.15625,
    0.21875,
    0.375,
    0.234375,
    0.296875,
    0.265625,
    0.203125,
    0.265625,
    0.203125,
    0.328125,
    0.21875,
    0.359375,
    0.25,
    0.3125,
    0.34375,
    0.296875,
    0.375,
    0.46875,
    0.40625,
    0.40625,
    0.453125,
    0.25,
    0.25,
    0.421875,
    0.3125,
    0.390625,
    0.375,
    0.46875,
    0.3125,
    0.46875,
    0.34375,
    0.359375,
    0.3125,
    0.3125,
    0.40625,
    0.390625,
    0.34375,
    0.375,
    0.40625,
    0.375,
    0.484375,
    0.359375,
    0.390625,
    0.5,
    0.34375,
    0.34375,
    0.296875,
    0.40625,
    0.296875,
    0.375,
    0.46875,
    0.296875,
    0.4375,
    0.265625,
    0.359375,
    0.421875,
    0.40625,
    0.46875,
    0.421875,
    0.546875,
    0.40625,
    0.375,
    0.453125,
    0.375,
    0.4375,
    0.421875,
    0.421875
  ],
  "grad_norms": [
    0.3665003478527069,
    0.22299756109714508,
    0.311171293258667,
    0.25373905897140503,
    0.26460444927215576,
    0.24610696732997894,
    0.33294743299484253,
    0.26026615500450134,
    0.25631341338157654,
    0.21262529492378235,
    0.27353885769844055,
    0.2631719410419464,
    0.2564486563205719,
    0.21444323658943176,
    0.251290887594223,
    0.2633678615093231,
    0.2885395884513855,
    0.22739335894584656,
    0.2786886692047119,
    0.25281405448913574,
    0.21541577577590942,
    0.2754671275615692,
    0.22682835161685944,
    0.2652730643749237,
    0.2717094421386719,
    0.2439766228199005,
    0.2393684983253479,
    0.2849451005458832,
    0.22821970283985138,
    0.2898959815502167,
    0.2933236062526703,
    0.32215750217437744,
    0.2890555262565613,
    0.3753875494003296,
    0.31454744935035706,
    0.39989277720451355,
    0.2916052043437958,
    0.24953749775886536,
    0.32687556743621826,
    0.3213125169277191,
    0.31831344962120056,
    0.2810460031032562,
    0.2987267076969147,
    0.27159419655799866,
    0.35532429814338684,
    0.29325810074806213,
    0.29464638233184814,
    0.3125244975090027,
    0.3167177140712738,
    0.3272312879562378,
    0.3526614010334015,
    0.388528436422348,
    0.3818308413028717,
    0.3341316878795624,
    0.3311443626880646,
    0.31341683864593506,
    0.384430468082428,
    0.30618447065353394,
    0.3574294149875641,
    0.3246195316314697,
    0.4106089174747467,
    0.3510860800743103,
    0.373518168926239,
    0.40602564811706543,
    0.31822681427001953,
    0.34520429372787476,
    0.45223814249038696,
    0.33632221817970276,
    0.34272685647010803,
    0.3354372978210449,
    0.36467695236206055,
    0.3738997280597687,
    0.3664168119430542,
    0.4817393124103546,
    0.3456193208694458,
    0.3648854196071625,
    0.42536354064941406,
    0.36379244923591614,
    0.4712064564228058,
    0.41899892687797546,
    0.4073285758495331,
    0.3534185290336609,
    0.42857682704925537,
    0.41666537523269653,
    0.3570217490196228,
    0.373273640871048,
    0.4393177330493927,
    0.4075706899166107,
    0.42255666851997375,
    0.4448535740375519,
    0.4297729730606079,
    0.4746440649032593,
    0.4430903494358063,
    0.3814317584037781,
    0.42182299494743347,
    0.4260573983192444,
    0.3766636252403259,
    0.4136713743209839,
    0.40677207708358765,
    0.4860009551048279
  ],
  "val_steps": [
    21,
    22,
    23,
    24,
    25,
    26,
    27,
    28,
    29,
    30,
    31,
    32,
    33,
    34,
    35,
    36,
    37,
    38,
    39,
    40,
    41,
    42,
    43,
    44,
    45,
    46,
    47,
    48,
    49,
    50,
    51,
    52,
    53,
    54,
    55,
    56,
    57,
    58,
    59,
    60,
    61,
    62,
    63,
    64,
    65,
    66,
    67,
    68,
    69,
    70,
    71,
    72,
    73,
    74,
    75,
    76,
    77,
    78,
    79,
    80,
    81,
    82,
    83,
    84,
    85,
    86,
    87,
    88,
    89,
    90,
    91,
    92,
    93,
    94,
    95,
    96,
    97,
    98,
    99,
    100
  ],