{
  "stage_name": "stage2_gd",
  "stage_idx": 1,
  "steps": [
    1,
    2,
    3,
    4,
    5,
    6,
    7,
    8,
    9,
    10
  ],
  "losses": [
    1.7465914487838745,
    1.7457640171051025,
    1.7449374198913574,
    1.744111180305481,
    1.7432855367660522,
    1.7424604892730713,
    1.7416361570358276,
    1.7408121824264526,
    1.739989161491394,
    1.7391663789749146
  ],
  "accuracies": [
    0.40171873569488525,
    0.4021874964237213,
    0.4026562571525574,
    0.40328124165534973,
    0.40406250953674316,
    0.4046874940395355,
    0.4050000011920929,
    0.40531250834465027,
    0.40578123927116394,
    0.40625
  ],
  "grad_norms": [
    0.2876785397529602,
    0.2875705659389496,
    0.28746387362480164,
    0.28735819458961487,
    0.28725388646125793,
    0.28715062141418457,
    0.2870483994483948,
    0.2869473695755005,
    0.28684744238853455,
    0.28674861788749695
  ],
  "val_steps": [
    6,
    7,
    8,
    9,
    10
  ],
  "val_losses": [
    1.8085067868232727,
    1.8085067868232727,
    1.8085067868232727,
    1.8085067868232727,
    1.8085067868232727
  ],
  "val_accuracies": [
    0.3870549499988556,
    0.3870549499988556,
    0.3870549499988556,
    0.3870549499988556,
    0.3870549499988556
  ],
  "train_eval_losses": [
    1.7424604892730713,
    1.7424604892730713,
    1.7424604892730713,
    1.7424604892730713,
    1.7424604892730713
  ],
  "train_eval_accs": [
    0.4046874940395355,
    0.4046874940395355,
    0.4046874940395355,
    0.4046874940395355,
    0.4046874940395355
  ]
}