{
  "amplification_factor": 3.0,
  "amplify_random_generalization_gap_ci95_high": 0.0691084193439519,
  "amplify_random_generalization_gap_ci95_low": 0.06624381470171256,
  "amplify_random_generalization_gap_mean": 0.06767611702283223,
  "amplify_random_generalization_gap_std": 0.0025314493795694803,
  "amplify_random_sharp_final_variance": 0.002008499577641487,
  "amplify_random_test_loss_ci95_high": 1.997302145466183,
  "amplify_random_test_loss_ci95_low": 1.9896927369584896,
  "amplify_random_test_loss_delta": -9.188055992126465e-05,
  "amplify_random_test_loss_mean": 1.9934974412123363,
  "amplify_random_test_loss_std": 0.0067244296688120184,
  "amplify_random_theory_high_variance_final_variance": 7.078831458784407e-07,
  "amplify_random_total_displacement_mean": 3.3340160250663757,
  "amplify_random_total_displacement_std": 0.03736093761739302,
  "amplify_random_train_loss_ci95_high": 1.9294114956278663,
  "amplify_random_train_loss_ci95_low": 1.9222311527511415,
  "amplify_random_train_loss_mean": 1.925821324189504,
  "amplify_random_train_loss_std": 0.00634526463176138,
  "amplify_sharp_generalization_gap_ci95_high": 0.06844551126280665,
  "amplify_sharp_generalization_gap_ci95_low": 0.06478622794032851,
  "amplify_sharp_generalization_gap_mean": 0.06661586960156758,
  "amplify_sharp_generalization_gap_std": 0.0032337064458273527,
  "amplify_sharp_sharp_final_variance": 0.013491719961166382,
  "amplify_sharp_test_loss_ci95_high": 2.0093685257998257,
  "amplify_sharp_test_loss_ci95_low": 1.9984874259862155,
  "amplify_sharp_test_loss_delta": 0.010338654120763069,
  "amplify_sharp_test_loss_mean": 2.0039279758930206,
  "amplify_sharp_test_loss_std": 0.009615621285408844,
  "amplify_sharp_theory_high_variance_final_variance": 6.549591944349231e-07,
  "amplify_sharp_total_displacement_mean": 3.3119258085886636,
  "amplify_sharp_total_displacement_std": 0.04758341745014682,
  "amplify_sharp_train_loss_ci95_high": 1.941688562339025,
  "amplify_sharp_train_loss_ci95_low": 1.9329356502438813,
  "amplify_sharp_train_loss_mean": 1.9373121062914531,
  "amplify_sharp_train_loss_std": 0.0077349430933535785,
  "amplify_theory_high_variance_generalization_gap_ci95_high": 0.06905575045287446,
  "amplify_theory_high_variance_generalization_gap_ci95_low": 0.06645966124197011,
  "amplify_theory_high_variance_generalization_gap_mean": 0.06775770584742229,
  "amplify_theory_high_variance_generalization_gap_std": 0.002294162456259043,
  "amplify_theory_high_variance_sharp_final_variance": 0.000799071800429374,
  "amplify_theory_high_variance_test_loss_ci95_high": 1.997149223953849,
  "amplify_theory_high_variance_test_loss_ci95_low": 1.9900300752417586,
  "amplify_theory_high_variance_test_loss_mean": 1.9935896495978038,
  "amplify_theory_high_variance_test_loss_std": 0.006291187385703568,
  "amplify_theory_high_variance_theory_high_variance_final_variance": 7.032265784800984e-06,
  "amplify_theory_high_variance_total_displacement_mean": 3.3289263049761453,
  "amplify_theory_high_variance_total_displacement_std": 0.03849242214067195,
  "amplify_theory_high_variance_train_loss_ci95_high": 1.9295258249483178,
  "amplify_theory_high_variance_train_loss_ci95_low": 1.9221380625524451,
  "amplify_theory_high_variance_train_loss_mean": 1.9258319437503815,
  "amplify_theory_high_variance_train_loss_std": 0.006528561134641903,
  "amplify_theory_test_loss_delta": 3.2782554626464844e-07,
  "amplify_theory_train_loss_delta": 1.4901161193847656e-07,
  "amplify_theory_variance_ratio": 10.066397758381576,
  "baseline_sgd_generalization_gap_ci95_high": 0.06905550710833527,
  "baseline_sgd_generalization_gap_ci95_low": 0.06645954695864065,
  "baseline_sgd_generalization_gap_mean": 0.06775752703348796,
  "baseline_sgd_generalization_gap_std": 0.0022940484049465398,
  "baseline_sgd_sharp_final_variance": 0.0007990931626409292,
  "baseline_sgd_test_loss_ci95_high": 1.9971487317619327,
  "baseline_sgd_test_loss_ci95_low": 1.9900299117825824,
  "baseline_sgd_test_loss_mean": 1.9935893217722576,
  "baseline_sgd_test_loss_std": 0.006290896884781217,
  "baseline_sgd_theory_high_variance_final_variance": 6.985881100263214e-07,
  "baseline_sgd_total_displacement_mean": 3.3289215763409934,
  "baseline_sgd_total_displacement_std": 0.03849265318771373,
  "baseline_sgd_train_loss_ci95_high": 1.929525556988717,
  "baseline_sgd_train_loss_ci95_low": 1.922138032488822,
  "baseline_sgd_train_loss_mean": 1.9258317947387695,
  "baseline_sgd_train_loss_std": 0.006528350906111458,
  "pass": false,
  "sharp_eigenvalue_max": 0.2213890701532364,
  "sharp_eigenvalue_min": 0.11300387233495712,
  "theory_high_variance_eigenvalue_abs_max": 1.9202084331482183e-06,
  "theory_high_variance_eigenvalue_abs_min": 1.0277202022734855e-07,
  "theory_high_variance_predicted_max": 0.0055698612704873085,
  "theory_high_variance_predicted_min": 0.0025477793533354998
}