{
  "stage_name": "stage2_gd",
  "stage_idx": 1,
  "steps": [
    1,
    2,
    3,
    4,
    5,
    6,
    7,
    8,
    9,
    10
  ],
  "losses": [
    3.1812403202056885,
    3.18107533454895,
    3.180910110473633,
    3.180744171142578,
    3.180577278137207,
    3.180410623550415,
    3.1802427768707275,
    3.1800754070281982,
    3.1799066066741943,
    3.1797375679016113
  ],
  "accuracies": [
    0.18434596061706543,
    0.18463629484176636,
    0.18483424186706543,
    0.18521694839000702,
    0.18586359918117523,
    0.1865762174129486,
    0.18765835464000702,
    0.18823902308940887,
    0.1890176236629486,
    0.18969066441059113
  ],
  "grad_norms": [
    0.40582194924354553,
    0.40647754073143005,
    0.4071345627307892,
    0.4077892005443573,
    0.40844422578811646,
    0.40909716486930847,
    0.4097510874271393,
    0.4104059934616089,
    0.4110623598098755,
    0.4117160737514496
  ],
  "val_steps": [
    6,
    7,
    8,
    9,
    10
  ],
  "val_losses": [
    3.1781108379364014,
    3.1781108379364014,
    3.1781108379364014,
    3.1781108379364014,
    3.1781108379364014
  ],
  "val_accuracies": [
    0.19601585964361826,
    0.19601585964361826,
    0.19601585964361826,
    0.19601585964361826,
    0.19601585964361826
  ],
  "train_eval_losses": [
    3.180410623550415,
    3.180410623550415,
    3.180410623550415,
    3.180410623550415,
    3.180410623550415
  ],
  "train_eval_accs": [
    0.1865762174129486,
    0.1865762174129486,
    0.1865762174129486,
    0.1865762174129486,
    0.1865762174129486
  ]
}