{
  "eta": 0.05,
  "exploratory": true,
  "multi_step_wasserstein_gaussian": 0.012055179337741091,
  "multi_step_wasserstein_poisson": 0.018568030400308348,
  "n_samples": 30000,
  "one_step_wasserstein_gaussian": 0.012881722265524564,
  "one_step_wasserstein_poisson": 0.0037655042977954253,
  "pass": true,
  "poisson_lambda": 0.7483448536156397,
  "poisson_scale": 0.03852955703017792
}